# clean_build.sh at 2026-10-04 02:38 UTC
# Lean (version 4.34.1, x86_64-unknown-linux-gnu, commit 5045d0056413266e57c625dcd7c365b10e377c52, Release)
# Lake version 5.0.0-src+5045d00 (Lean version 4.34.1)
# machine: AMD Ryzen 9 5900X 12-Core Processor, 24 logical CPUs, 60.7 GiB RAM
# package: 1490 modules; sources sha256 c1cb77db44ae9e8133d9353384c89ec965692725cbefb91f0f8d9995f280bc5d; Lean sources 4afc4e6df3cfb962069dc3ee27b6e5be713676049e89938abbe048d0c58cb279, lakefile.toml ab360031f4417c405c80b2324b1e2858c8dafe7c613e4c5044a59b747e878414, lake-manifest.json b3a1bdc58c2788191cce88de9b5eb9f08172fd10813b9c6734f8de35485caf4d
# (sha256 of a set of files: that of the sha256sum listing of the files, paths from the package root in LC_ALL=C order; Lean sources: the .lean files of FrogModel/, and FrogModel.lean if present)
# settings: HB=1 LB=2 PEAK_HEAVY=9G PEAK_LIGHT=4G MEM_MARGIN=1G MEM_POLL=60 MEM_LOWER=600 MIN_DISK_GB=3; RUN_WRAP: none; lock: none
# memory peak per call: ru_maxrss from /usr/bin/time (the largest single process of the call, a lower bound for the call)
# at start: MemAvailable 37.8 GiB, load average 10.92 7.71 7.66
# no .lake/build before the run
ok 24 s, peak 2.9 GiB: FrogModel.Cert.Defs FrogModel.Challenge
ok 22 s, peak 2.9 GiB: FrogModel.ChallengeRecurrent FrogModel.D3.CertData.S.S100
ok 1 s, peak 0.8 GiB: FrogModel.D3.CertData.S.S101 FrogModel.D3.CertData.S.S102
ok 1 s, peak 0.8 GiB: FrogModel.D3.CertData.S.S103 FrogModel.D3.CertData.S.S104
ok 1 s, peak 0.8 GiB: FrogModel.D3.CertData.S.S105 FrogModel.D3.CertData.S.S106
ok 1 s, peak 0.8 GiB: FrogModel.D3.CertData.S.S107 FrogModel.D3.CertData.S.S108
ok 2 s, peak 0.8 GiB: FrogModel.D3.CertData.S.S109 FrogModel.D3.CertData.S.S110
ok 1 s, peak 0.8 GiB: FrogModel.D3.CertData.S.S111 FrogModel.D3.CertData.S.S112
ok 2 s, peak 0.8 GiB: FrogModel.D3.CertData.S.S113 FrogModel.D3.CertData.S.S114
ok 1 s, peak 0.8 GiB: FrogModel.D3.CertData.S.S115 FrogModel.D3.CertData.S.S116
ok 1 s, peak 0.8 GiB: FrogModel.D3.CertData.S.S117 FrogModel.D3.CertData.S.S118
ok 2 s, peak 0.8 GiB: FrogModel.D3.CertData.S.S119 FrogModel.D3.CertData.S.S120
ok 1 s, peak 0.8 GiB: FrogModel.D3.CertData.S.S121 FrogModel.D3.CertData.S.S122
ok 1 s, peak 0.8 GiB: FrogModel.D3.CertData.S.S123 FrogModel.D3.CertData.S.S124
ok 1 s, peak 0.8 GiB: FrogModel.D3.CertData.S.S125 FrogModel.D3.CertData.S.S126
ok 2 s, peak 0.8 GiB: FrogModel.D3.CertData.S.S127 FrogModel.D3.CertData.S.S128
ok 1 s, peak 0.8 GiB: FrogModel.D3.CertData.S.S129 FrogModel.D3.CertData.S.S130
ok 1 s, peak 0.8 GiB: FrogModel.D3.CertData.S.S131 FrogModel.D3.CertData.S.S132
ok 2 s, peak 0.8 GiB: FrogModel.D3.CertData.S.S133 FrogModel.D3.CertData.S.S134
ok 1 s, peak 0.8 GiB: FrogModel.D3.CertData.S.S135 FrogModel.D3.CertData.S.S136
ok 1 s, peak 0.8 GiB: FrogModel.D3.CertData.S.S137 FrogModel.D3.CertData.S.S138
ok 1 s, peak 0.8 GiB: FrogModel.D3.CertData.S.S139 FrogModel.D3.CertData.S.S140
ok 2 s, peak 0.8 GiB: FrogModel.D3.CertData.S.S141 FrogModel.D3.CertData.S.S142
ok 1 s, peak 0.8 GiB: FrogModel.D3.CertData.S.S143 FrogModel.D3.CertData.S.S144
ok 1 s, peak 0.8 GiB: FrogModel.D3.CertData.S.S145 FrogModel.D3.CertData.S.S146
ok 1 s, peak 0.8 GiB: FrogModel.D3.CertData.S.S147 FrogModel.D3.CertData.S.S148
ok 2 s, peak 0.8 GiB: FrogModel.D3.CertData.S.S149 FrogModel.D3.CertData.S.S150
ok 1 s, peak 0.8 GiB: FrogModel.D3.CertData.S.S151 FrogModel.D3.CertData.S.S152
ok 2 s, peak 0.8 GiB: FrogModel.D3.CertData.S.S153 FrogModel.D3.CertData.S.S154
ok 1 s, peak 0.8 GiB: FrogModel.D3.CertData.S.S155 FrogModel.D3.CertData.S.S156
ok 1 s, peak 0.8 GiB: FrogModel.D3.CertData.S.S157 FrogModel.D3.CertData.S.S158
ok 2 s, peak 0.8 GiB: FrogModel.D3.CertData.S.S159 FrogModel.D3.CertData.S.S160
ok 1 s, peak 0.8 GiB: FrogModel.D3.CertData.S.S161 FrogModel.D3.CertData.S.S162
ok 1 s, peak 0.8 GiB: FrogModel.D3.CertData.S.S163 FrogModel.D3.CertData.S.S164
ok 1 s, peak 0.8 GiB: FrogModel.D3.CertData.S.S165 FrogModel.D3.CertData.S.S166
ok 1 s, peak 0.8 GiB: FrogModel.D3.CertData.S.S167 FrogModel.D3.CertData.S.S168
ok 2 s, peak 0.8 GiB: FrogModel.D3.CertData.S.S169 FrogModel.D3.CertData.S.S170
ok 2 s, peak 0.8 GiB: FrogModel.D3.CertData.S.S171 FrogModel.D3.CertData.S.S172
ok 1 s, peak 0.8 GiB: FrogModel.D3.CertData.S.S173 FrogModel.D3.CertData.S.S174
ok 2 s, peak 0.8 GiB: FrogModel.D3.CertData.S.S175 FrogModel.D3.CertData.S.S176
ok 2 s, peak 0.8 GiB: FrogModel.D3.CertData.S.S177 FrogModel.D3.CertData.S.S178
ok 1 s, peak 0.8 GiB: FrogModel.D3.CertData.S.S179 FrogModel.D3.CertData.S.S180
ok 2 s, peak 0.8 GiB: FrogModel.D3.CertData.S.S181 FrogModel.D3.CertData.S.S182
ok 2 s, peak 0.8 GiB: FrogModel.D3.CertData.S.S183 FrogModel.D3.CertData.S.S184
ok 1 s, peak 0.8 GiB: FrogModel.D3.CertData.S.S185 FrogModel.D3.CertData.S.S186
ok 1 s, peak 0.8 GiB: FrogModel.D3.CertData.S.S187 FrogModel.D3.CertData.S.S188
ok 1 s, peak 0.8 GiB: FrogModel.D3.CertData.S.S189 FrogModel.D3.CertData.S.S190
ok 2 s, peak 0.8 GiB: FrogModel.D3.CertData.S.S191 FrogModel.D3.CertData.S.S192
ok 1 s, peak 0.8 GiB: FrogModel.D3.CertData.S.S193 FrogModel.D3.CertData.S.S194
ok 2 s, peak 0.8 GiB: FrogModel.D3.CertData.S.S195 FrogModel.D3.CertData.S.S196
ok 1 s, peak 0.8 GiB: FrogModel.D3.CertData.S.S197 FrogModel.D3.CertData.S.S198
ok 2 s, peak 0.8 GiB: FrogModel.D3.CertData.S.S199 FrogModel.D3.CertData.S.S200
ok 1 s, peak 0.8 GiB: FrogModel.D3.CertData.S.S201 FrogModel.D3.CertData.S.S202
ok 1 s, peak 0.8 GiB: FrogModel.D3.CertData.S.S203 FrogModel.D3.CertData.S.S204
ok 2 s, peak 0.8 GiB: FrogModel.D3.CertData.S.S205 FrogModel.D3.CertData.S.S206
ok 1 s, peak 0.8 GiB: FrogModel.D3.CertData.S.S207 FrogModel.D3.CertData.S.S208
ok 1 s, peak 0.8 GiB: FrogModel.D3.CertData.S.S209 FrogModel.D3.CertData.S.S210
ok 2 s, peak 0.8 GiB: FrogModel.D3.CertData.S.S211 FrogModel.D3.CertData.S.S212
ok 2 s, peak 0.8 GiB: FrogModel.D3.CertData.S.S213 FrogModel.D3.CertData.S.S214
ok 1 s, peak 0.8 GiB: FrogModel.D3.CertData.S.S215 FrogModel.D3.CertData.S.S216
ok 2 s, peak 0.8 GiB: FrogModel.D3.CertData.S.S217 FrogModel.D3.CertData.S.S218
ok 1 s, peak 0.8 GiB: FrogModel.D3.CertData.S.S219 FrogModel.D3.CertData.S.S220
ok 1 s, peak 0.8 GiB: FrogModel.D3.CertData.S.S221 FrogModel.D3.CertData.S.S222
ok 2 s, peak 0.8 GiB: FrogModel.D3.CertData.S.S223 FrogModel.D3.CertData.S.S224
ok 2 s, peak 0.8 GiB: FrogModel.D3.CertData.S.S225 FrogModel.D3.CertData.S.S226
ok 1 s, peak 0.8 GiB: FrogModel.D3.CertData.S.S227 FrogModel.D3.CertData.S.S228
ok 1 s, peak 0.8 GiB: FrogModel.D3.CertData.S.S229 FrogModel.D3.CertData.S.S230
ok 1 s, peak 0.8 GiB: FrogModel.D3.CertData.S.S231 FrogModel.D3.CertData.S.S232
ok 2 s, peak 0.8 GiB: FrogModel.D3.CertData.S.S233 FrogModel.D3.CertData.S.S234
ok 1 s, peak 0.8 GiB: FrogModel.D3.CertData.S.S235 FrogModel.D3.CertData.S.S236
ok 1 s, peak 0.8 GiB: FrogModel.D3.CertData.S.S237 FrogModel.D3.CertData.S.S238
ok 2 s, peak 0.8 GiB: FrogModel.D3.CertData.S.S239 FrogModel.D3.CertData.S.S240
ok 2 s, peak 0.8 GiB: FrogModel.D3.CertData.S.S241 FrogModel.D3.CertData.S.S242
ok 1 s, peak 0.8 GiB: FrogModel.D3.CertData.S.S243 FrogModel.D3.CertData.S.S244
ok 1 s, peak 0.8 GiB: FrogModel.D3.CertData.S.S245 FrogModel.D3.CertData.S.S246
ok 1 s, peak 0.8 GiB: FrogModel.D3.CertData.S.S247 FrogModel.D3.CertData.S.S248
ok 2 s, peak 0.8 GiB: FrogModel.D3.CertData.S.S249 FrogModel.D3.CertData.S.S250
ok 1 s, peak 0.8 GiB: FrogModel.D3.CertData.S.S251 FrogModel.D3.CertData.S.S252
ok 1 s, peak 0.8 GiB: FrogModel.D3.CertData.S.S253 FrogModel.D3.CertData.S.S254
ok 1 s, peak 0.8 GiB: FrogModel.D3.CertData.S.S255 FrogModel.D3.CertData.S.S256
ok 2 s, peak 0.8 GiB: FrogModel.D3.CertData.S.S257 FrogModel.D3.CertData.S.S258
ok 1 s, peak 0.8 GiB: FrogModel.D3.CertData.S.S259 FrogModel.D3.CertData.S.S260
ok 1 s, peak 0.8 GiB: FrogModel.D3.CertData.S.S261 FrogModel.D3.CertData.S.S262
ok 2 s, peak 0.8 GiB: FrogModel.D3.CertData.S.S263 FrogModel.D3.CertData.S.S264
ok 1 s, peak 0.8 GiB: FrogModel.D3.CertData.S.S265 FrogModel.D3.CertData.S.S266
ok 2 s, peak 0.8 GiB: FrogModel.D3.CertData.S.S267 FrogModel.D3.CertData.S.S268
ok 1 s, peak 0.8 GiB: FrogModel.D3.CertData.S.S269 FrogModel.D3.CertData.S.S270
ok 2 s, peak 0.8 GiB: FrogModel.D3.CertData.S.S271 FrogModel.D3.CertData.S.S272
ok 1 s, peak 0.8 GiB: FrogModel.D3.CertData.S.S273 FrogModel.D3.CertData.S.S274
ok 2 s, peak 0.8 GiB: FrogModel.D3.CertData.S.S275 FrogModel.D3.CertData.S.S276
ok 1 s, peak 0.8 GiB: FrogModel.D3.CertData.S.S277 FrogModel.D3.CertData.S.S278
ok 2 s, peak 0.8 GiB: FrogModel.D3.CertData.S.S279 FrogModel.D3.CertData.S.S280
ok 1 s, peak 0.8 GiB: FrogModel.D3.CertData.S.S281 FrogModel.D3.CertData.S.S282
ok 2 s, peak 0.8 GiB: FrogModel.D3.CertData.S.S283 FrogModel.D3.CertData.S.S284
ok 2 s, peak 0.8 GiB: FrogModel.D3.CertData.S.S285 FrogModel.D3.CertData.S.S286
ok 1 s, peak 0.8 GiB: FrogModel.D3.CertData.S.S287 FrogModel.D3.CertData.S.S288
ok 1 s, peak 0.8 GiB: FrogModel.D3.CertData.S.S289 FrogModel.D3.CertData.S.S290
ok 2 s, peak 0.8 GiB: FrogModel.D3.CertData.S.S291 FrogModel.D3.CertData.S.S292
ok 1 s, peak 0.8 GiB: FrogModel.D3.CertData.S.S293 FrogModel.D3.CertData.S.S294
ok 2 s, peak 0.8 GiB: FrogModel.D3.CertData.S.S295 FrogModel.D3.CertData.S.S296
ok 1 s, peak 0.8 GiB: FrogModel.D3.CertData.S.S297 FrogModel.D3.CertData.S.S298
ok 1 s, peak 0.8 GiB: FrogModel.D3.CertData.S.S299 FrogModel.D3.CertData.S.S300
ok 2 s, peak 0.8 GiB: FrogModel.D3.CertData.S.S301 FrogModel.D3.CertData.S.S302
ok 2 s, peak 0.8 GiB: FrogModel.D3.CertData.S.S303 FrogModel.D3.CertData.S.S304
ok 1 s, peak 0.8 GiB: FrogModel.D3.CertData.S.S305 FrogModel.D3.CertData.S.S306
ok 2 s, peak 0.8 GiB: FrogModel.D3.CertData.S.S307 FrogModel.D3.CertData.S.S308
ok 1 s, peak 0.8 GiB: FrogModel.D3.CertData.S.S309 FrogModel.D3.CertData.S.S310
ok 2 s, peak 0.8 GiB: FrogModel.D3.CertData.S.S311 FrogModel.D3.CertData.S.S312
ok 2 s, peak 0.8 GiB: FrogModel.D3.CertData.S.S313 FrogModel.D3.CertData.S.S314
ok 1 s, peak 0.8 GiB: FrogModel.D3.CertData.S.S315 FrogModel.D3.CertData.S.S316
ok 2 s, peak 0.8 GiB: FrogModel.D3.CertData.S.S317 FrogModel.D3.CertData.S.S318
ok 1 s, peak 0.8 GiB: FrogModel.D3.CertData.S.S319 FrogModel.D3.CertData.S.S320
ok 1 s, peak 0.8 GiB: FrogModel.D3.CertData.S.S321 FrogModel.D3.CertData.S.S322
ok 1 s, peak 0.8 GiB: FrogModel.D3.CertData.S.S323 FrogModel.D3.CertData.S.S324
ok 2 s, peak 0.8 GiB: FrogModel.D3.CertData.S.S325 FrogModel.D3.CertData.S.S326
ok 1 s, peak 0.8 GiB: FrogModel.D3.CertData.S.S327 FrogModel.D3.CertData.S.S328
ok 2 s, peak 0.8 GiB: FrogModel.D3.CertData.S.S329 FrogModel.D3.CertData.S.S330
ok 2 s, peak 0.8 GiB: FrogModel.D3.CertData.S.S331 FrogModel.D3.CertData.S.S332
ok 1 s, peak 0.8 GiB: FrogModel.D3.CertData.S.S333 FrogModel.D3.CertData.S.S334
ok 1 s, peak 0.8 GiB: FrogModel.D3.CertData.S.S335 FrogModel.D3.CertData.S.S336
ok 2 s, peak 0.8 GiB: FrogModel.D3.CertData.S.S337 FrogModel.D3.CertData.S.S338
ok 1 s, peak 0.8 GiB: FrogModel.D3.CertData.S.S339 FrogModel.D3.CertData.S.S340
ok 2 s, peak 0.8 GiB: FrogModel.D3.CertData.S.S341 FrogModel.D3.CertData.S.S342
ok 1 s, peak 0.8 GiB: FrogModel.D3.CertData.S.S343 FrogModel.D3.CertData.S.S344
ok 1 s, peak 0.8 GiB: FrogModel.D3.CertData.S.S345 FrogModel.D3.CertData.S.S346
ok 2 s, peak 0.8 GiB: FrogModel.D3.CertData.S.S347 FrogModel.D3.CertData.S.S348
ok 1 s, peak 0.8 GiB: FrogModel.D3.CertData.S.S349 FrogModel.D3.CertData.S.S350
ok 1 s, peak 0.8 GiB: FrogModel.D3.CertData.S.S351 FrogModel.D3.CertData.S.S352
ok 2 s, peak 0.8 GiB: FrogModel.D3.CertData.S.S353 FrogModel.D3.CertData.S.S354
ok 2 s, peak 0.8 GiB: FrogModel.D3.CertData.S.S355 FrogModel.D3.CertData.S.S356
ok 1 s, peak 0.8 GiB: FrogModel.D3.CertData.S.S357 FrogModel.D3.CertData.S.S358
ok 2 s, peak 0.8 GiB: FrogModel.D3.CertData.S.S359 FrogModel.D3.CertData.S.S360
ok 1 s, peak 0.8 GiB: FrogModel.D3.CertData.S.S361 FrogModel.D3.CertData.S.S362
ok 1 s, peak 0.8 GiB: FrogModel.D3.CertData.S.S363 FrogModel.D3.CertData.S.S364
ok 2 s, peak 0.8 GiB: FrogModel.D3.CertData.S.S365 FrogModel.D3.CertData.S.S366
ok 1 s, peak 0.8 GiB: FrogModel.D3.CertData.S.S367 FrogModel.D3.CertData.S.S368
ok 1 s, peak 0.8 GiB: FrogModel.D3.CertData.S.S369 FrogModel.D3.CertData.S.S370
ok 2 s, peak 0.8 GiB: FrogModel.D3.CertData.S.S371 FrogModel.D3.CertData.S.S372
ok 1 s, peak 0.8 GiB: FrogModel.D3.CertData.S.S373 FrogModel.D3.CertData.S.S374
ok 1 s, peak 0.8 GiB: FrogModel.D3.CertData.S.S375 FrogModel.D3.CertData.S.S376
ok 2 s, peak 0.8 GiB: FrogModel.D3.CertData.S.S377 FrogModel.D3.CertData.S.S378
ok 1 s, peak 0.8 GiB: FrogModel.D3.CertData.S.S379 FrogModel.D3.CertData.S.S380
ok 2 s, peak 0.8 GiB: FrogModel.D3.CertData.S.S381 FrogModel.D3.CertData.S.S382
ok 1 s, peak 0.8 GiB: FrogModel.D3.CertData.S.S383 FrogModel.D3.CertData.S.S384
ok 2 s, peak 0.8 GiB: FrogModel.D3.CertData.S.S385 FrogModel.D3.CertData.S.S386
ok 1 s, peak 0.8 GiB: FrogModel.D3.CertData.S.S387 FrogModel.D3.CertData.S.S388
ok 1 s, peak 0.8 GiB: FrogModel.D3.CertData.S.S389 FrogModel.D3.CertData.S.S390
ok 2 s, peak 0.8 GiB: FrogModel.D3.CertData.S.S391 FrogModel.D3.CertData.S.S392
ok 1 s, peak 0.8 GiB: FrogModel.D3.CertData.S.S393 FrogModel.D3.CertData.S.S394
ok 1 s, peak 0.8 GiB: FrogModel.D3.CertData.S.S395 FrogModel.D3.CertData.S.S396
ok 1 s, peak 0.8 GiB: FrogModel.D3.CertData.S.S397 FrogModel.D3.CertData.S.S398
ok 1 s, peak 0.8 GiB: FrogModel.D3.CertData.S.S399 FrogModel.D3.CertData.S.S400
ok 1 s, peak 0.8 GiB: FrogModel.D3.CertData.S.S401 FrogModel.D3.CertData.S.S402
ok 1 s, peak 0.8 GiB: FrogModel.D3.CertData.S.S403 FrogModel.D3.CertData.S.S404
ok 1 s, peak 0.8 GiB: FrogModel.D3.CertData.S.S405 FrogModel.D3.CertData.S.S406
ok 1 s, peak 0.8 GiB: FrogModel.D3.CertData.S.S407 FrogModel.D3.CertData.S.S408
ok 1 s, peak 0.8 GiB: FrogModel.D3.CertData.S.S409 FrogModel.D3.CertData.S.S410
ok 1 s, peak 0.8 GiB: FrogModel.D3.CertData.S.S411 FrogModel.D3.CertData.S.S412
ok 1 s, peak 0.8 GiB: FrogModel.D3.CertData.S.S413 FrogModel.D3.CertData.S.S414
ok 1 s, peak 0.8 GiB: FrogModel.D3.CertData.S.S415 FrogModel.D3.CertData.S.S416
ok 1 s, peak 0.8 GiB: FrogModel.D3.CertData.S.S417 FrogModel.D3.CertData.S.S418
ok 1 s, peak 0.8 GiB: FrogModel.D3.CertData.S.S419 FrogModel.D3.CertData.S.S420
ok 2 s, peak 0.8 GiB: FrogModel.D3.CertData.S.S421 FrogModel.D3.CertData.S.S422
ok 1 s, peak 0.8 GiB: FrogModel.D3.CertData.S.S423 FrogModel.D3.CertData.S.S424
ok 2 s, peak 0.8 GiB: FrogModel.D3.CertData.S.S425 FrogModel.D3.CertData.S.S426
ok 1 s, peak 0.8 GiB: FrogModel.D3.CertData.S.S427 FrogModel.D3.CertData.S.S428
ok 1 s, peak 0.8 GiB: FrogModel.D3.CertData.S.S429 FrogModel.D3.CertData.S.S430
ok 0 s, peak 0.8 GiB: FrogModel.D3.CertData.S.S431 FrogModel.D3.CertData.S.S432
ok 0 s, peak 0.8 GiB: FrogModel.D3.CertData.S.S433 FrogModel.D3.CertData.S.S434
ok 1 s, peak 0.8 GiB: FrogModel.D3.CertData.S.S435 FrogModel.D3.CertData.S.S436
ok 1 s, peak 0.8 GiB: FrogModel.D3.CertData.S.S437 FrogModel.D3.CertData.S.S438
ok 1 s, peak 0.8 GiB: FrogModel.D3.CertData.S.S439 FrogModel.D3.CertData.S.S440
ok 1 s, peak 0.8 GiB: FrogModel.D3.CertData.S.S441 FrogModel.D3.CertData.S.S442
ok 1 s, peak 0.8 GiB: FrogModel.D3.CertData.S.S443 FrogModel.D3.CertData.S.S444
ok 1 s, peak 0.8 GiB: FrogModel.D3.CertData.S.S445 FrogModel.D3.CertData.S.S446
ok 1 s, peak 0.8 GiB: FrogModel.D3.CertData.S.S447 FrogModel.D3.CertData.S.S448
ok 1 s, peak 0.8 GiB: FrogModel.D3.CertData.S.S449 FrogModel.D3.CertData.S.S450
ok 1 s, peak 0.8 GiB: FrogModel.D3.CertData.S.S451 FrogModel.D3.CertData.S.S452
ok 1 s, peak 0.8 GiB: FrogModel.D3.CertData.S.S453 FrogModel.D3.CertData.S.S454
ok 2 s, peak 0.8 GiB: FrogModel.D3.CertData.S.S455 FrogModel.D3.CertData.S.S456
ok 1 s, peak 0.8 GiB: FrogModel.D3.CertData.S.S457 FrogModel.D3.CertData.S.S458
ok 1 s, peak 0.8 GiB: FrogModel.D3.CertData.S.S459 FrogModel.D3.CertData.S.S460
ok 2 s, peak 0.8 GiB: FrogModel.D3.CertData.S.S461 FrogModel.D3.CertData.S.S462
ok 1 s, peak 0.8 GiB: FrogModel.D3.CertData.S.S463 FrogModel.D3.CertData.S.S464
ok 2 s, peak 0.8 GiB: FrogModel.D3.CertData.S.S465 FrogModel.D3.CertData.S.S466
ok 1 s, peak 0.8 GiB: FrogModel.D3.CertData.S.S467 FrogModel.D3.CertData.S.S468
ok 1 s, peak 0.8 GiB: FrogModel.D3.CertData.S.S469 FrogModel.D3.CertData.S.S470
ok 1 s, peak 0.8 GiB: FrogModel.D3.CertData.S.S471 FrogModel.D3.CertData.S.S472
ok 1 s, peak 0.8 GiB: FrogModel.D3.CertData.S.S473 FrogModel.D3.CertData.S.S474
ok 2 s, peak 0.8 GiB: FrogModel.D3.CertData.S.S475 FrogModel.D3.CertData.S.S476
ok 1 s, peak 0.8 GiB: FrogModel.D3.CertData.S.S477 FrogModel.D3.CertData.S.S478
ok 1 s, peak 0.8 GiB: FrogModel.D3.CertData.S.S479 FrogModel.D3.CertData.S.S480
ok 1 s, peak 0.8 GiB: FrogModel.D3.CertData.S.S481 FrogModel.D3.CertData.S.S482
ok 1 s, peak 0.8 GiB: FrogModel.D3.CertData.S.S483 FrogModel.D3.CertData.S.S484
ok 1 s, peak 0.8 GiB: FrogModel.D3.CertData.S.S485 FrogModel.D3.CertData.S.S486
ok 1 s, peak 0.8 GiB: FrogModel.D3.CertData.S.S487 FrogModel.D3.CertData.S.S488
ok 1 s, peak 0.8 GiB: FrogModel.D3.CertData.S.S489 FrogModel.D3.CertData.S.S490
ok 1 s, peak 0.8 GiB: FrogModel.D3.CertData.S.S491 FrogModel.D3.CertData.S.S492
ok 1 s, peak 0.8 GiB: FrogModel.D3.CertData.S.S493 FrogModel.D3.CertData.S.S494
ok 1 s, peak 0.8 GiB: FrogModel.D3.CertData.S.S495 FrogModel.D3.CertData.S.S496
ok 1 s, peak 0.8 GiB: FrogModel.D3.CertData.S.S497 FrogModel.D3.CertData.S.S498
ok 1 s, peak 0.8 GiB: FrogModel.D3.CertData.S.S499 FrogModel.D3.CertData.S.S500
ok 1 s, peak 0.8 GiB: FrogModel.D3.CertData.S.S501 FrogModel.D3.CertData.S.S502
ok 1 s, peak 0.8 GiB: FrogModel.D3.CertData.S.S503 FrogModel.D3.CertData.S.S504
ok 2 s, peak 0.8 GiB: FrogModel.D3.CertData.S.S505 FrogModel.D3.CertData.S.S506
ok 1 s, peak 0.8 GiB: FrogModel.D3.CertData.S.S507 FrogModel.D3.CertData.S.S508
ok 1 s, peak 0.8 GiB: FrogModel.D3.CertData.S.S509 FrogModel.D3.CertData.S.S510
ok 1 s, peak 0.8 GiB: FrogModel.D3.CertData.S.S511 FrogModel.D3.CertData.S.S512
ok 1 s, peak 0.8 GiB: FrogModel.D3.CertData.S.S513 FrogModel.D3.CertData.S.S514
ok 1 s, peak 0.8 GiB: FrogModel.D3.CertData.S.S515 FrogModel.D3.CertData.S.S516
ok 1 s, peak 0.8 GiB: FrogModel.D3.CertData.S.S517 FrogModel.D3.CertData.S.S518
ok 2 s, peak 0.8 GiB: FrogModel.D3.CertData.S.S519 FrogModel.D3.CertData.S.S520
ok 1 s, peak 0.8 GiB: FrogModel.D3.CertData.S.S521 FrogModel.D3.CertData.S.S522
ok 1 s, peak 0.8 GiB: FrogModel.D3.CertData.S.S523 FrogModel.D3.CertData.S.S524
ok 1 s, peak 0.8 GiB: FrogModel.D3.CertData.S.S525 FrogModel.D3.CertData.S.S526
ok 1 s, peak 0.8 GiB: FrogModel.D3.CertData.S.S527 FrogModel.D3.CertData.S.S528
ok 1 s, peak 0.8 GiB: FrogModel.D3.CertData.S.S529 FrogModel.D3.CertData.S.S530
ok 1 s, peak 0.8 GiB: FrogModel.D3.CertData.S.S531 FrogModel.D3.CertData.S.S532
ok 1 s, peak 0.8 GiB: FrogModel.D3.CertData.S.S533 FrogModel.D3.CertData.S.S534
ok 1 s, peak 0.8 GiB: FrogModel.D3.CertData.S.S535 FrogModel.D3.CertData.S.S536
ok 1 s, peak 0.8 GiB: FrogModel.D3.CertData.S.S537 FrogModel.D3.CertData.S.S538
ok 1 s, peak 0.8 GiB: FrogModel.D3.CertData.S.S539 FrogModel.D3.CertData.S.S540
ok 1 s, peak 0.8 GiB: FrogModel.D3.CertData.S.S541 FrogModel.D3.CertData.S.S542
ok 1 s, peak 0.8 GiB: FrogModel.D3.CertData.S.S543 FrogModel.D3.CertData.S.S544
ok 1 s, peak 0.8 GiB: FrogModel.D3.CertData.S.S545 FrogModel.D3.CertData.S.S546
ok 2 s, peak 0.8 GiB: FrogModel.D3.CertData.S.S547 FrogModel.D3.CertData.S.S548
ok 1 s, peak 0.8 GiB: FrogModel.D3.CertData.S.S549 FrogModel.D3.CertData.S.S550
ok 1 s, peak 0.8 GiB: FrogModel.D3.CertData.S.S551 FrogModel.D3.CertData.S.S552
ok 1 s, peak 0.8 GiB: FrogModel.D3.CertData.S.S553 FrogModel.D3.CertData.S.S554
ok 1 s, peak 0.8 GiB: FrogModel.D3.CertData.S.S555 FrogModel.D3.CertData.S.S556
ok 1 s, peak 0.8 GiB: FrogModel.D3.CertData.S.S557 FrogModel.D3.CertData.S.S558
ok 2 s, peak 0.8 GiB: FrogModel.D3.CertData.S.S559 FrogModel.D3.CertData.S.S560
ok 1 s, peak 0.8 GiB: FrogModel.D3.CertData.S.S561 FrogModel.D3.CertData.S.S562
ok 1 s, peak 0.8 GiB: FrogModel.D3.CertData.S.S563 FrogModel.D3.CertData.S.S564
ok 1 s, peak 0.8 GiB: FrogModel.D3.CertData.S.S565 FrogModel.D3.CertData.S.S566
ok 1 s, peak 0.8 GiB: FrogModel.D3.CertData.S.S567 FrogModel.D3.CertData.S.S568
ok 1 s, peak 0.8 GiB: FrogModel.D3.CertData.S.S569 FrogModel.D3.CertData.S.S570
ok 1 s, peak 0.8 GiB: FrogModel.D3.CertData.S.S571 FrogModel.D3.CertData.S.S572
ok 1 s, peak 0.8 GiB: FrogModel.D3.CertData.S.S573 FrogModel.D3.CertData.S.S574
ok 1 s, peak 0.8 GiB: FrogModel.D3.CertData.S.S575 FrogModel.D3.CertData.S.S576
ok 2 s, peak 0.8 GiB: FrogModel.D3.CertData.S.S577 FrogModel.D3.CertData.S.S578
ok 1 s, peak 0.8 GiB: FrogModel.D3.CertData.S.S579 FrogModel.D3.CertData.S.S580
ok 1 s, peak 0.8 GiB: FrogModel.D3.CertData.S.S581 FrogModel.D3.CertData.S.S582
ok 2 s, peak 0.8 GiB: FrogModel.D3.CertData.S.S583 FrogModel.D3.CertData.S.S584
ok 1 s, peak 0.8 GiB: FrogModel.D3.CertData.S.S585 FrogModel.D3.CertData.S.S586
ok 1 s, peak 0.8 GiB: FrogModel.D3.CertData.S.S587 FrogModel.D3.CertData.S.S588
ok 2 s, peak 0.8 GiB: FrogModel.D3.CertData.S.S589 FrogModel.D3.CertData.S.S590
ok 1 s, peak 0.8 GiB: FrogModel.D3.CertData.S.S591 FrogModel.D3.CertData.S.S592
ok 1 s, peak 0.8 GiB: FrogModel.D3.CertData.S.S593 FrogModel.D3.CertData.S.S594
ok 2 s, peak 0.8 GiB: FrogModel.D3.CertData.S.S595 FrogModel.D3.CertData.S.S596
ok 1 s, peak 0.8 GiB: FrogModel.D3.CertData.S.S597 FrogModel.D3.CertData.S.S598
ok 1 s, peak 0.8 GiB: FrogModel.D3.CertData.S.S599 FrogModel.D3.CertData.S.S600
ok 2 s, peak 0.8 GiB: FrogModel.D3.CertData.S.S601 FrogModel.D3.CertData.S.S602
ok 1 s, peak 0.8 GiB: FrogModel.D3.CertData.S.S603 FrogModel.D3.CertData.S.S604
ok 1 s, peak 0.8 GiB: FrogModel.D3.CertData.S.S605 FrogModel.D3.CertData.S.T
ok 1 s, peak 0.8 GiB: FrogModel.D3.CertData.S.X600 FrogModel.D3.LaneD.K.Basic
ok 13 s, peak 2.9 GiB: FrogModel.Defs FrogModel.G3K.Basic
ok 14 s, peak 2.9 GiB: FrogModel.Lanes.Defs FrogModel.LemmaR.Tools
ok 10 s, peak 2.8 GiB: FrogModel.LemmaX.Defs FrogModel.LemmaX.LData
ok 9 s, peak 2.9 GiB: FrogModel.LemmaX.PlanData FrogModel.Lemmas.Defs
ok 8 s, peak 2.9 GiB: FrogModel.LinSys.Defs FrogModel.Pool.Statement
ok 2 s, peak 0.8 GiB: FrogModel.D3.M1K.Check
ok 12 s, peak 3.0 GiB: FrogModel.Cert.Sound FrogModel.Cert.Cheap
ok 1 s, peak 0.8 GiB: FrogModel.D3.LaneD.K.SLaws FrogModel.D3.LaneD.K.Conv
ok 2 s, peak 0.8 GiB: FrogModel.D3.M1Data.Top FrogModel.D3.M1Data.H9
ok 2 s, peak 0.8 GiB: FrogModel.D3.M1Data.H8 FrogModel.D3.M1Data.H7
ok 2 s, peak 0.8 GiB: FrogModel.D3.M1Data.H6 FrogModel.D3.M1Data.H5
ok 1 s, peak 0.8 GiB: FrogModel.D3.M1Data.H4 FrogModel.D3.M1Data.H3
ok 1 s, peak 0.8 GiB: FrogModel.D3.M1Data.H2 FrogModel.D3.M1Data.H1
ok 8 s, peak 2.9 GiB: FrogModel.D3.M1Data.H0 FrogModel.LemmaR.Statement
ok 6 s, peak 2.9 GiB: FrogModel.D3.Defs FrogModel.G3K.Table
ok 8 s, peak 2.9 GiB: FrogModel.Lanes.Basic FrogModel.LemmaX.Psi
ok 12 s, peak 2.9 GiB: FrogModel.Pieces.Defs FrogModel.Lemmas.Quantile
ok 9 s, peak 2.9 GiB: FrogModel.Lemmas.Basic FrogModel.LinSys.Basic
ok 12 s, peak 2.9 GiB: FrogModel.Engine.Defs FrogModel.Pool.Defs
ok 35 s, peak 1.9 GiB: FrogModel.D3.M1Data.CTop FrogModel.D3.M1Data.C9
ok 36 s, peak 1.9 GiB: FrogModel.D3.M1Data.C8 FrogModel.D3.M1Data.C7
ok 34 s, peak 1.8 GiB: FrogModel.D3.M1Data.C6 FrogModel.D3.M1Data.C5
ok 37 s, peak 1.8 GiB: FrogModel.D3.M1Data.C4 FrogModel.D3.M1Data.C3
ok 33 s, peak 1.8 GiB: FrogModel.D3.M1Data.C2 FrogModel.D3.M1Data.Data
ok 32 s, peak 1.7 GiB: FrogModel.D3.M1Data.C1 FrogModel.D3.M1Data.C0
ok 6 s, peak 2.9 GiB: FrogModel.G3K.Spec FrogModel.D3.M1K.Pack
ok 7 s, peak 2.9 GiB: FrogModel.Recursion.Process FrogModel.ZeroOne.Statement
ok 5 s, peak 2.9 GiB: FrogModel.ZeroOne.Defs FrogModel.LemmaX.KillDefs
ok 8 s, peak 3.0 GiB: FrogModel.LemmaR.Planted.Statement FrogModel.Pieces.Basic
ok 9 s, peak 2.9 GiB: FrogModel.Lemmas.Refresh FrogModel.Engine.DomDefs
ok 6 s, peak 2.9 GiB: FrogModel.Engine.Core FrogModel.D3.M1L.Defs
ok 6 s, peak 2.9 GiB: FrogModel.Pool.Read
ok 1 s, peak 0.8 GiB: FrogModel.D3.LaneD.K.Check
ok 2 s, peak 0.8 GiB: FrogModel.D3.LaneD.K.Single FrogModel.D3.M1Data.All
ok 7 s, peak 2.9 GiB: FrogModel.G3K.Fast FrogModel.Engine.G3Lanes
ok 9 s, peak 3.0 GiB: FrogModel.D3.M1K.Row FrogModel.LemmaX.Statement
ok 7 s, peak 2.8 GiB: FrogModel.LemmaX.ClaimADefs FrogModel.LemmaR.Planted.Defs
ok 8 s, peak 2.9 GiB: FrogModel.D3.Interfaces.Model FrogModel.ZeroOne.Walk
ok 10 s, peak 2.9 GiB: FrogModel.Pieces.Glue FrogModel.LemmaX.Kill
ok 10 s, peak 3.0 GiB: FrogModel.ZeroOne.Levy FrogModel.Pieces.Stage
ok 9 s, peak 2.9 GiB: FrogModel.Engine.Redirect FrogModel.Engine.FK
ok 8 s, peak 2.9 GiB: FrogModel.Engine.Exact FrogModel.D3.M1L.Planted
ok 7 s, peak 2.9 GiB: FrogModel.Pool.Step FrogModel.D3.LaneD.K.Seed
ok 0 s, peak 0.8 GiB: FrogModel.D3.LaneD.K.Ext FrogModel.D3.LaneD.K.Cover
ok 6 s, peak 0.8 GiB: FrogModel.G3Q.Cand.D99 FrogModel.G3Q.Cand.D98
ok 10 s, peak 0.8 GiB: FrogModel.G3Q.Cand.D97 FrogModel.G3Q.Cand.D96
ok 8 s, peak 0.8 GiB: FrogModel.G3Q.Cand.D95 FrogModel.G3Q.Cand.D94
ok 10 s, peak 0.8 GiB: FrogModel.G3Q.Cand.D93 FrogModel.G3Q.Cand.D92
ok 10 s, peak 0.8 GiB: FrogModel.G3Q.Cand.D91 FrogModel.G3Q.Cand.D90
ok 9 s, peak 0.8 GiB: FrogModel.G3Q.Cand.D9 FrogModel.G3Q.Cand.D89
ok 7 s, peak 0.8 GiB: FrogModel.G3Q.Cand.D88 FrogModel.G3Q.Cand.D87
ok 10 s, peak 0.8 GiB: FrogModel.G3Q.Cand.D86 FrogModel.G3Q.Cand.D85
ok 10 s, peak 0.8 GiB: FrogModel.G3Q.Cand.D84 FrogModel.G3Q.Cand.D83
ok 9 s, peak 0.8 GiB: FrogModel.G3Q.Cand.D82 FrogModel.G3Q.Cand.D81
ok 9 s, peak 0.8 GiB: FrogModel.G3Q.Cand.D80 FrogModel.G3Q.Cand.D8
ok 31 s, peak 0.8 GiB: FrogModel.G3Q.Cand.D79 FrogModel.G3Q.Cand.D78
ok 25 s, peak 0.8 GiB: FrogModel.G3Q.Cand.D77 FrogModel.G3Q.Cand.D76
ok 25 s, peak 0.8 GiB: FrogModel.G3Q.Cand.D75 FrogModel.G3Q.Cand.D74
ok 20 s, peak 0.8 GiB: FrogModel.G3Q.Cand.D73 FrogModel.G3Q.Cand.D72
ok 26 s, peak 0.8 GiB: FrogModel.G3Q.Cand.D71 FrogModel.G3Q.Cand.D70
ok 15 s, peak 0.8 GiB: FrogModel.G3Q.Cand.D7 FrogModel.G3Q.Cand.D69
ok 18 s, peak 0.8 GiB: FrogModel.G3Q.Cand.D68 FrogModel.G3Q.Cand.D67
ok 16 s, peak 0.8 GiB: FrogModel.G3Q.Cand.D66 FrogModel.G3Q.Cand.D65
ok 16 s, peak 0.8 GiB: FrogModel.G3Q.Cand.D64 FrogModel.G3Q.Cand.D63
ok 18 s, peak 0.8 GiB: FrogModel.G3Q.Cand.D62 FrogModel.G3Q.Cand.D61
ok 14 s, peak 0.8 GiB: FrogModel.G3Q.Cand.D60 FrogModel.G3Q.Cand.D6
ok 14 s, peak 0.8 GiB: FrogModel.G3Q.Cand.D59 FrogModel.G3Q.Cand.D58
ok 15 s, peak 0.8 GiB: FrogModel.G3Q.Cand.D57 FrogModel.G3Q.Cand.D56
ok 18 s, peak 0.8 GiB: FrogModel.G3Q.Cand.D55 FrogModel.G3Q.Cand.D54
ok 11 s, peak 0.8 GiB: FrogModel.G3Q.Cand.D53 FrogModel.G3Q.Cand.D52
ok 11 s, peak 0.8 GiB: FrogModel.G3Q.Cand.D51 FrogModel.G3Q.Cand.D50
ok 10 s, peak 0.8 GiB: FrogModel.G3Q.Cand.D5 FrogModel.G3Q.Cand.D49
ok 9 s, peak 0.8 GiB: FrogModel.G3Q.Cand.D48 FrogModel.G3Q.Cand.D47
ok 10 s, peak 0.8 GiB: FrogModel.G3Q.Cand.D46 FrogModel.G3Q.Cand.D45
ok 9 s, peak 0.8 GiB: FrogModel.G3Q.Cand.D44 FrogModel.G3Q.Cand.D43
ok 15 s, peak 0.8 GiB: FrogModel.G3Q.Cand.D42 FrogModel.G3Q.Cand.D41
ok 14 s, peak 0.8 GiB: FrogModel.G3Q.Cand.D40 FrogModel.G3Q.Cand.D4
ok 7 s, peak 0.8 GiB: FrogModel.G3Q.Cand.D39 FrogModel.G3Q.Cand.D38
ok 6 s, peak 0.8 GiB: FrogModel.G3Q.Cand.D37 FrogModel.G3Q.Cand.D36
ok 6 s, peak 0.8 GiB: FrogModel.G3Q.Cand.D35 FrogModel.G3Q.Cand.D34
ok 5 s, peak 0.8 GiB: FrogModel.G3Q.Cand.D33 FrogModel.G3Q.Cand.D32
ok 5 s, peak 0.8 GiB: FrogModel.G3Q.Cand.D31 FrogModel.G3Q.Cand.D30
ok 6 s, peak 0.8 GiB: FrogModel.G3Q.Cand.D3 FrogModel.G3Q.Cand.D29
ok 5 s, peak 0.8 GiB: FrogModel.G3Q.Cand.D28 FrogModel.G3Q.Cand.D27
ok 5 s, peak 0.8 GiB: FrogModel.G3Q.Cand.D26 FrogModel.G3Q.Cand.D25
ok 4 s, peak 0.8 GiB: FrogModel.G3Q.Cand.D24 FrogModel.G3Q.Cand.D23
ok 5 s, peak 0.8 GiB: FrogModel.G3Q.Cand.D22 FrogModel.G3Q.Cand.D21
ok 6 s, peak 0.8 GiB: FrogModel.G3Q.Cand.D20 FrogModel.G3Q.Cand.D2
ok 5 s, peak 0.8 GiB: FrogModel.G3Q.Cand.D19 FrogModel.G3Q.Cand.D18
ok 4 s, peak 0.8 GiB: FrogModel.G3Q.Cand.D17 FrogModel.G3Q.Cand.D16
ok 8 s, peak 0.8 GiB: FrogModel.G3Q.Cand.D15 FrogModel.G3Q.Cand.D144
ok 8 s, peak 0.8 GiB: FrogModel.G3Q.Cand.D143 FrogModel.G3Q.Cand.D142
ok 7 s, peak 0.8 GiB: FrogModel.G3Q.Cand.D141 FrogModel.G3Q.Cand.D140
ok 6 s, peak 0.8 GiB: FrogModel.G3Q.Cand.D14 FrogModel.G3Q.Cand.D139
ok 7 s, peak 0.8 GiB: FrogModel.G3Q.Cand.D138 FrogModel.G3Q.Cand.D137
ok 7 s, peak 0.8 GiB: FrogModel.G3Q.Cand.D136 FrogModel.G3Q.Cand.D135
ok 6 s, peak 0.8 GiB: FrogModel.G3Q.Cand.D134 FrogModel.G3Q.Cand.D133
ok 7 s, peak 0.8 GiB: FrogModel.G3Q.Cand.D132 FrogModel.G3Q.Cand.D131
ok 6 s, peak 0.8 GiB: FrogModel.G3Q.Cand.D130 FrogModel.G3Q.Cand.D13
ok 6 s, peak 0.8 GiB: FrogModel.G3Q.Cand.D129 FrogModel.G3Q.Cand.D128
ok 8 s, peak 0.8 GiB: FrogModel.G3Q.Cand.D127 FrogModel.G3Q.Cand.D126
ok 6 s, peak 0.8 GiB: FrogModel.G3Q.Cand.D125 FrogModel.G3Q.Cand.D124
ok 8 s, peak 0.8 GiB: FrogModel.G3Q.Cand.D123 FrogModel.G3Q.Cand.D122
ok 5 s, peak 0.8 GiB: FrogModel.G3Q.Cand.D121 FrogModel.G3Q.Cand.D120
ok 8 s, peak 0.8 GiB: FrogModel.G3Q.Cand.D12 FrogModel.G3Q.Cand.D119
ok 6 s, peak 0.8 GiB: FrogModel.G3Q.Cand.D118 FrogModel.G3Q.Cand.D117
ok 6 s, peak 0.8 GiB: FrogModel.G3Q.Cand.D116 FrogModel.G3Q.Cand.D115
ok 6 s, peak 0.8 GiB: FrogModel.G3Q.Cand.D114 FrogModel.G3Q.Cand.D113
ok 6 s, peak 0.8 GiB: FrogModel.G3Q.Cand.D112 FrogModel.G3Q.Cand.D111
ok 5 s, peak 0.8 GiB: FrogModel.G3Q.Cand.D110 FrogModel.G3Q.Cand.D11
ok 7 s, peak 0.8 GiB: FrogModel.G3Q.Cand.D109 FrogModel.G3Q.Cand.D108
ok 5 s, peak 0.8 GiB: FrogModel.G3Q.Cand.D107 FrogModel.G3Q.Cand.D106
ok 6 s, peak 0.8 GiB: FrogModel.G3Q.Cand.D105 FrogModel.G3Q.Cand.D104
ok 6 s, peak 0.8 GiB: FrogModel.G3Q.Cand.D103 FrogModel.G3Q.Cand.D102
ok 5 s, peak 0.8 GiB: FrogModel.G3Q.Cand.D101 FrogModel.G3Q.Cand.D100
ok 5 s, peak 0.8 GiB: FrogModel.G3Q.Cand.D10 FrogModel.G3Q.Cand.D1
ok 7 s, peak 0.8 GiB: FrogModel.G3Q.Cand.D0 FrogModel.G3K.Equiv
ok 6 s, peak 2.9 GiB: FrogModel.D3.M1K.Solve FrogModel.Recursion.Statement
ok 6 s, peak 2.9 GiB: FrogModel.LemmaR.Planted.Paths FrogModel.D3.LaneA.Pool.Bridge
ok 11 s, peak 2.9 GiB: FrogModel.D3.Interfaces.Closure FrogModel.ZeroOne.Glue
ok 6 s, peak 2.8 GiB: FrogModel.LemmaR.Defs FrogModel.LemmaX.Main
ok 7 s, peak 2.9 GiB: FrogModel.TheoremA FrogModel.Recursion.Closure
ok 8 s, peak 2.9 GiB: FrogModel.Engine.Absorb FrogModel.Pool.Main
ok 2 s, peak 0.8 GiB: FrogModel.D3.CertData.Seed FrogModel.D3.CertData.Ext
ok 4 s, peak 0.8 GiB: FrogModel.D3.Chain.Basic FrogModel.G3Q.Cand.Data
ok 6 s, peak 2.9 GiB: FrogModel.D3.M1K.Event FrogModel.LemmaX.LawDefs
ok 6 s, peak 2.9 GiB: FrogModel.D3.LaneB.Words FrogModel.D3.LaneB.Tails
ok 8 s, peak 2.9 GiB: FrogModel.D3.LaneB.Sampling FrogModel.D3.LaneB.Measurability
ok 7 s, peak 2.9 GiB: FrogModel.D3.LaneB.Lemma17 FrogModel.D3.LaneB.Counts
ok 10 s, peak 3.0 GiB: FrogModel.D3.LaneB.Concentration FrogModel.D3.LaneB.Coins
ok 6 s, peak 2.9 GiB: FrogModel.D3.LaneB.ClosureFacts FrogModel.D3.LaneB.ClosLaw
ok 7 s, peak 2.9 GiB: FrogModel.D3.Interfaces.Step FrogModel.D3.Interfaces.DPrime
ok 8 s, peak 2.9 GiB: FrogModel.ZeroOne.Main FrogModel.LemmaR.Walk
ok 13 s, peak 2.9 GiB: FrogModel.Recursion.LawGen FrogModel.Recursion.Glue
ok 10 s, peak 2.9 GiB: FrogModel.Engine.Pools FrogModel.D3.CertData.LeT
ok 6 s, peak 1.2 GiB: FrogModel.D3.CertData.L.L599 FrogModel.D3.CertData.L.L598
ok 5 s, peak 1.2 GiB: FrogModel.D3.CertData.L.L597 FrogModel.D3.CertData.L.L596
ok 6 s, peak 1.2 GiB: FrogModel.D3.CertData.L.L595 FrogModel.D3.CertData.L.L594
ok 5 s, peak 1.2 GiB: FrogModel.D3.CertData.L.L593 FrogModel.D3.CertData.L.L592
ok 6 s, peak 1.2 GiB: FrogModel.D3.CertData.L.L591 FrogModel.D3.CertData.L.L590
ok 5 s, peak 1.2 GiB: FrogModel.D3.CertData.L.L589 FrogModel.D3.CertData.L.L588
ok 5 s, peak 1.2 GiB: FrogModel.D3.CertData.L.L587 FrogModel.D3.CertData.L.L586
ok 5 s, peak 1.2 GiB: FrogModel.D3.CertData.L.L585 FrogModel.D3.CertData.L.L584
ok 5 s, peak 1.2 GiB: FrogModel.D3.CertData.L.L583 FrogModel.D3.CertData.L.L582
ok 4 s, peak 1.2 GiB: FrogModel.D3.CertData.L.L581 FrogModel.D3.CertData.L.L580
ok 5 s, peak 1.2 GiB: FrogModel.D3.CertData.L.L579 FrogModel.D3.CertData.L.L578
ok 4 s, peak 1.2 GiB: FrogModel.D3.CertData.L.L577 FrogModel.D3.CertData.L.L576
ok 5 s, peak 1.2 GiB: FrogModel.D3.CertData.L.L575 FrogModel.D3.CertData.L.L574
ok 4 s, peak 1.2 GiB: FrogModel.D3.CertData.L.L573 FrogModel.D3.CertData.L.L572
ok 4 s, peak 1.2 GiB: FrogModel.D3.CertData.L.L571 FrogModel.D3.CertData.L.L570
ok 5 s, peak 1.2 GiB: FrogModel.D3.CertData.L.L569 FrogModel.D3.CertData.L.L568
ok 4 s, peak 1.2 GiB: FrogModel.D3.CertData.L.L567 FrogModel.D3.CertData.L.L566
ok 4 s, peak 1.2 GiB: FrogModel.D3.CertData.L.L565 FrogModel.D3.CertData.L.L564
ok 5 s, peak 1.2 GiB: FrogModel.D3.CertData.L.L563 FrogModel.D3.CertData.L.L562
ok 4 s, peak 1.2 GiB: FrogModel.D3.CertData.L.L561 FrogModel.D3.CertData.L.L560
ok 4 s, peak 1.2 GiB: FrogModel.D3.CertData.L.L559 FrogModel.D3.CertData.L.L558
ok 4 s, peak 1.2 GiB: FrogModel.D3.CertData.L.L557 FrogModel.D3.CertData.L.L556
ok 4 s, peak 1.2 GiB: FrogModel.D3.CertData.L.L555 FrogModel.D3.CertData.L.L554
ok 5 s, peak 1.2 GiB: FrogModel.D3.CertData.L.L553 FrogModel.D3.CertData.L.L552
ok 4 s, peak 1.2 GiB: FrogModel.D3.CertData.L.L551 FrogModel.D3.CertData.L.L550
ok 4 s, peak 1.2 GiB: FrogModel.D3.CertData.L.L549 FrogModel.D3.CertData.L.L548
ok 4 s, peak 1.2 GiB: FrogModel.D3.CertData.L.L547 FrogModel.D3.CertData.L.L546
ok 5 s, peak 1.2 GiB: FrogModel.D3.CertData.L.L545 FrogModel.D3.CertData.L.L544
ok 4 s, peak 1.2 GiB: FrogModel.D3.CertData.L.L543 FrogModel.D3.CertData.L.L542
ok 4 s, peak 1.2 GiB: FrogModel.D3.CertData.L.L541 FrogModel.D3.CertData.L.L540
ok 4 s, peak 1.2 GiB: FrogModel.D3.CertData.L.L539 FrogModel.D3.CertData.L.L538
ok 4 s, peak 1.2 GiB: FrogModel.D3.CertData.L.L537 FrogModel.D3.CertData.L.L536
ok 4 s, peak 1.2 GiB: FrogModel.D3.CertData.L.L535 FrogModel.D3.CertData.L.L534
ok 4 s, peak 1.2 GiB: FrogModel.D3.CertData.L.L533 FrogModel.D3.CertData.L.L532
ok 4 s, peak 1.2 GiB: FrogModel.D3.CertData.L.L531 FrogModel.D3.CertData.L.L530
ok 4 s, peak 1.2 GiB: FrogModel.D3.CertData.L.L529 FrogModel.D3.CertData.L.L528
ok 4 s, peak 1.2 GiB: FrogModel.D3.CertData.L.L527 FrogModel.D3.CertData.L.L526
ok 4 s, peak 1.2 GiB: FrogModel.D3.CertData.L.L525 FrogModel.D3.CertData.L.L524
ok 5 s, peak 1.2 GiB: FrogModel.D3.CertData.L.L523 FrogModel.D3.CertData.L.L522
ok 4 s, peak 1.2 GiB: FrogModel.D3.CertData.L.L521 FrogModel.D3.CertData.L.L520
ok 4 s, peak 1.2 GiB: FrogModel.D3.CertData.L.L519 FrogModel.D3.CertData.L.L518
ok 4 s, peak 1.2 GiB: FrogModel.D3.CertData.L.L517 FrogModel.D3.CertData.L.L516
ok 5 s, peak 1.2 GiB: FrogModel.D3.CertData.L.L515 FrogModel.D3.CertData.L.L514
ok 4 s, peak 1.2 GiB: FrogModel.D3.CertData.L.L513 FrogModel.D3.CertData.L.L512
ok 4 s, peak 1.2 GiB: FrogModel.D3.CertData.L.L511 FrogModel.D3.CertData.L.L510
ok 4 s, peak 1.2 GiB: FrogModel.D3.CertData.L.L509 FrogModel.D3.CertData.L.L508
ok 4 s, peak 1.2 GiB: FrogModel.D3.CertData.L.L507 FrogModel.D3.CertData.L.L506
ok 4 s, peak 1.2 GiB: FrogModel.D3.CertData.L.L505 FrogModel.D3.CertData.L.L504
ok 5 s, peak 1.2 GiB: FrogModel.D3.CertData.L.L503 FrogModel.D3.CertData.L.L502
ok 4 s, peak 1.2 GiB: FrogModel.D3.CertData.L.L501 FrogModel.D3.CertData.L.L500
ok 4 s, peak 1.2 GiB: FrogModel.D3.CertData.L.L499 FrogModel.D3.CertData.L.L498
ok 4 s, peak 1.2 GiB: FrogModel.D3.CertData.L.L497 FrogModel.D3.CertData.L.L496
ok 4 s, peak 1.2 GiB: FrogModel.D3.CertData.L.L495 FrogModel.D3.CertData.L.L494
ok 5 s, peak 1.2 GiB: FrogModel.D3.CertData.L.L493 FrogModel.D3.CertData.L.L492
ok 4 s, peak 1.2 GiB: FrogModel.D3.CertData.L.L491 FrogModel.D3.CertData.L.L490
ok 4 s, peak 1.2 GiB: FrogModel.D3.CertData.L.L489 FrogModel.D3.CertData.L.L488
ok 4 s, peak 1.2 GiB: FrogModel.D3.CertData.L.L487 FrogModel.D3.CertData.L.L486
ok 4 s, peak 1.2 GiB: FrogModel.D3.CertData.L.L485 FrogModel.D3.CertData.L.L484
ok 5 s, peak 1.2 GiB: FrogModel.D3.CertData.L.L483 FrogModel.D3.CertData.L.L482
ok 4 s, peak 1.2 GiB: FrogModel.D3.CertData.L.L481 FrogModel.D3.CertData.L.L480
ok 4 s, peak 1.2 GiB: FrogModel.D3.CertData.L.L479 FrogModel.D3.CertData.L.L478
ok 4 s, peak 1.2 GiB: FrogModel.D3.CertData.L.L477 FrogModel.D3.CertData.L.L476
ok 4 s, peak 1.2 GiB: FrogModel.D3.CertData.L.L475 FrogModel.D3.CertData.L.L474
ok 4 s, peak 1.2 GiB: FrogModel.D3.CertData.L.L473 FrogModel.D3.CertData.L.L472
ok 4 s, peak 1.2 GiB: FrogModel.D3.CertData.L.L471 FrogModel.D3.CertData.L.L470
ok 4 s, peak 1.2 GiB: FrogModel.D3.CertData.L.L469 FrogModel.D3.CertData.L.L468
ok 4 s, peak 1.2 GiB: FrogModel.D3.CertData.L.L467 FrogModel.D3.CertData.L.L466
ok 4 s, peak 1.2 GiB: FrogModel.D3.CertData.L.L465 FrogModel.D3.CertData.L.L464
ok 5 s, peak 1.2 GiB: FrogModel.D3.CertData.L.L463 FrogModel.D3.CertData.L.L462
ok 4 s, peak 1.2 GiB: FrogModel.D3.CertData.L.L461 FrogModel.D3.CertData.L.L460
ok 4 s, peak 1.2 GiB: FrogModel.D3.CertData.L.L459 FrogModel.D3.CertData.L.L458
ok 4 s, peak 1.2 GiB: FrogModel.D3.CertData.L.L457 FrogModel.D3.CertData.L.L456
ok 4 s, peak 1.2 GiB: FrogModel.D3.CertData.L.L455 FrogModel.D3.CertData.L.L454
ok 4 s, peak 1.2 GiB: FrogModel.D3.CertData.L.L453 FrogModel.D3.CertData.L.L452
ok 5 s, peak 1.2 GiB: FrogModel.D3.CertData.L.L451 FrogModel.D3.CertData.L.L450
ok 4 s, peak 1.2 GiB: FrogModel.D3.CertData.L.L449 FrogModel.D3.CertData.L.L448
ok 4 s, peak 1.2 GiB: FrogModel.D3.CertData.L.L447 FrogModel.D3.CertData.L.L446
ok 5 s, peak 1.3 GiB: FrogModel.D3.CertData.L.L445 FrogModel.D3.CertData.L.L444
ok 5 s, peak 1.3 GiB: FrogModel.D3.CertData.L.L443 FrogModel.D3.CertData.L.L442
ok 4 s, peak 1.3 GiB: FrogModel.D3.CertData.L.L441 FrogModel.D3.CertData.L.L440
ok 5 s, peak 1.3 GiB: FrogModel.D3.CertData.L.L439 FrogModel.D3.CertData.L.L438
ok 4 s, peak 1.3 GiB: FrogModel.D3.CertData.L.L437 FrogModel.D3.CertData.L.L436
ok 5 s, peak 1.3 GiB: FrogModel.D3.CertData.L.L435 FrogModel.D3.CertData.L.L434
ok 5 s, peak 1.3 GiB: FrogModel.D3.CertData.L.L433 FrogModel.D3.CertData.L.L432
ok 4 s, peak 1.3 GiB: FrogModel.D3.CertData.L.L431 FrogModel.D3.CertData.L.L430
ok 5 s, peak 1.3 GiB: FrogModel.D3.CertData.L.L429 FrogModel.D3.CertData.L.L428
ok 5 s, peak 1.3 GiB: FrogModel.D3.CertData.L.L427 FrogModel.D3.CertData.L.L426
ok 4 s, peak 1.3 GiB: FrogModel.D3.CertData.L.L425 FrogModel.D3.CertData.L.L424
ok 5 s, peak 1.3 GiB: FrogModel.D3.CertData.L.L423 FrogModel.D3.CertData.L.L422
ok 5 s, peak 1.3 GiB: FrogModel.D3.CertData.L.L421 FrogModel.D3.CertData.L.L420
ok 5 s, peak 1.3 GiB: FrogModel.D3.CertData.L.L419 FrogModel.D3.CertData.L.L418
ok 5 s, peak 1.3 GiB: FrogModel.D3.CertData.L.L417 FrogModel.D3.CertData.L.L416
ok 4 s, peak 1.3 GiB: FrogModel.D3.CertData.L.L415 FrogModel.D3.CertData.L.L414
ok 5 s, peak 1.4 GiB: FrogModel.D3.CertData.L.L413 FrogModel.D3.CertData.L.L412
ok 5 s, peak 1.4 GiB: FrogModel.D3.CertData.L.L411 FrogModel.D3.CertData.L.L410
ok 5 s, peak 1.4 GiB: FrogModel.D3.CertData.L.L409 FrogModel.D3.CertData.L.L408
ok 5 s, peak 1.4 GiB: FrogModel.D3.CertData.L.L407 FrogModel.D3.CertData.L.L406
ok 4 s, peak 1.2 GiB: FrogModel.D3.CertData.L.L405 FrogModel.D3.CertData.L.L404
ok 4 s, peak 1.2 GiB: FrogModel.D3.CertData.L.L403 FrogModel.D3.CertData.L.L402
ok 4 s, peak 1.2 GiB: FrogModel.D3.CertData.L.L401 FrogModel.D3.CertData.L.L400
ok 5 s, peak 1.2 GiB: FrogModel.D3.CertData.L.L399 FrogModel.D3.CertData.L.L398
ok 4 s, peak 1.2 GiB: FrogModel.D3.CertData.L.L397 FrogModel.D3.CertData.L.L396
ok 4 s, peak 1.2 GiB: FrogModel.D3.CertData.L.L395 FrogModel.D3.CertData.L.L394
ok 4 s, peak 1.1 GiB: FrogModel.D3.CertData.L.L393 FrogModel.D3.CertData.L.L392
ok 4 s, peak 1.1 GiB: FrogModel.D3.CertData.L.L391 FrogModel.D3.CertData.L.L390
ok 4 s, peak 1.1 GiB: FrogModel.D3.CertData.L.L389 FrogModel.D3.CertData.L.L388
ok 4 s, peak 1.1 GiB: FrogModel.D3.CertData.L.L387 FrogModel.D3.CertData.L.L386
ok 4 s, peak 1.1 GiB: FrogModel.D3.CertData.L.L385 FrogModel.D3.CertData.L.L384
ok 4 s, peak 1.2 GiB: FrogModel.D3.CertData.L.L383 FrogModel.D3.CertData.L.L382
ok 4 s, peak 1.2 GiB: FrogModel.D3.CertData.L.L381 FrogModel.D3.CertData.L.L380
ok 4 s, peak 1.2 GiB: FrogModel.D3.CertData.L.L379 FrogModel.D3.CertData.L.L378
ok 4 s, peak 1.2 GiB: FrogModel.D3.CertData.L.L377 FrogModel.D3.CertData.L.L376
ok 4 s, peak 1.2 GiB: FrogModel.D3.CertData.L.L375 FrogModel.D3.CertData.L.L374
ok 4 s, peak 1.2 GiB: FrogModel.D3.CertData.L.L373 FrogModel.D3.CertData.L.L372
ok 4 s, peak 1.2 GiB: FrogModel.D3.CertData.L.L371 FrogModel.D3.CertData.L.L370
ok 4 s, peak 1.2 GiB: FrogModel.D3.CertData.L.L369 FrogModel.D3.CertData.L.L368
ok 4 s, peak 1.2 GiB: FrogModel.D3.CertData.L.L367 FrogModel.D3.CertData.L.L366
ok 5 s, peak 1.2 GiB: FrogModel.D3.CertData.L.L365 FrogModel.D3.CertData.L.L364
ok 4 s, peak 1.2 GiB: FrogModel.D3.CertData.L.L363 FrogModel.D3.CertData.L.L362
ok 4 s, peak 1.2 GiB: FrogModel.D3.CertData.L.L361 FrogModel.D3.CertData.L.L360
ok 4 s, peak 1.2 GiB: FrogModel.D3.CertData.L.L359 FrogModel.D3.CertData.L.L358
ok 4 s, peak 1.1 GiB: FrogModel.D3.CertData.L.L357 FrogModel.D3.CertData.L.L356
ok 4 s, peak 1.1 GiB: FrogModel.D3.CertData.L.L355 FrogModel.D3.CertData.L.L354
ok 4 s, peak 1.1 GiB: FrogModel.D3.CertData.L.L353 FrogModel.D3.CertData.L.L352
ok 5 s, peak 1.1 GiB: FrogModel.D3.CertData.L.L351 FrogModel.D3.CertData.L.L350
ok 4 s, peak 1.1 GiB: FrogModel.D3.CertData.L.L349 FrogModel.D3.CertData.L.L348
ok 4 s, peak 1.2 GiB: FrogModel.D3.CertData.L.L347 FrogModel.D3.CertData.L.L346
ok 4 s, peak 1.2 GiB: FrogModel.D3.CertData.L.L345 FrogModel.D3.CertData.L.L344
ok 4 s, peak 1.1 GiB: FrogModel.D3.CertData.L.L343 FrogModel.D3.CertData.L.L342
ok 4 s, peak 1.1 GiB: FrogModel.D3.CertData.L.L341 FrogModel.D3.CertData.L.L340
ok 4 s, peak 1.2 GiB: FrogModel.D3.CertData.L.L339 FrogModel.D3.CertData.L.L338
ok 4 s, peak 1.2 GiB: FrogModel.D3.CertData.L.L337 FrogModel.D3.CertData.L.L336
ok 4 s, peak 1.2 GiB: FrogModel.D3.CertData.L.L335 FrogModel.D3.CertData.L.L334
ok 4 s, peak 1.1 GiB: FrogModel.D3.CertData.L.L333 FrogModel.D3.CertData.L.L332
ok 4 s, peak 1.1 GiB: FrogModel.D3.CertData.L.L331 FrogModel.D3.CertData.L.L330
ok 4 s, peak 1.1 GiB: FrogModel.D3.CertData.L.L329 FrogModel.D3.CertData.L.L328
ok 4 s, peak 1.1 GiB: FrogModel.D3.CertData.L.L327 FrogModel.D3.CertData.L.L326
ok 4 s, peak 1.1 GiB: FrogModel.D3.CertData.L.L325 FrogModel.D3.CertData.L.L324
ok 4 s, peak 1.1 GiB: FrogModel.D3.CertData.L.L323 FrogModel.D3.CertData.L.L322
ok 4 s, peak 1.1 GiB: FrogModel.D3.CertData.L.L321 FrogModel.D3.CertData.L.L320
ok 4 s, peak 1.1 GiB: FrogModel.D3.CertData.L.L319 FrogModel.D3.CertData.L.L318
ok 5 s, peak 1.2 GiB: FrogModel.D3.CertData.L.L317 FrogModel.D3.CertData.L.L316
ok 5 s, peak 1.2 GiB: FrogModel.D3.CertData.L.L315 FrogModel.D3.CertData.L.L314
ok 4 s, peak 1.2 GiB: FrogModel.D3.CertData.L.L313 FrogModel.D3.CertData.L.L312
ok 5 s, peak 1.2 GiB: FrogModel.D3.CertData.L.L311 FrogModel.D3.CertData.L.L310
ok 5 s, peak 1.2 GiB: FrogModel.D3.CertData.L.L309 FrogModel.D3.CertData.L.L308
ok 5 s, peak 1.2 GiB: FrogModel.D3.CertData.L.L307 FrogModel.D3.CertData.L.L306
ok 4 s, peak 1.2 GiB: FrogModel.D3.CertData.L.L305 FrogModel.D3.CertData.L.L304
ok 5 s, peak 1.2 GiB: FrogModel.D3.CertData.L.L303 FrogModel.D3.CertData.L.L302
ok 4 s, peak 1.2 GiB: FrogModel.D3.CertData.L.L301 FrogModel.D3.CertData.L.L300
ok 6 s, peak 1.2 GiB: FrogModel.D3.CertData.L.L299 FrogModel.D3.CertData.L.L298
ok 5 s, peak 1.2 GiB: FrogModel.D3.CertData.L.L297 FrogModel.D3.CertData.L.L296
ok 5 s, peak 1.2 GiB: FrogModel.D3.CertData.L.L295 FrogModel.D3.CertData.L.L294
ok 5 s, peak 1.2 GiB: FrogModel.D3.CertData.L.L293 FrogModel.D3.CertData.L.L292
ok 6 s, peak 1.2 GiB: FrogModel.D3.CertData.L.L291 FrogModel.D3.CertData.L.L290
ok 5 s, peak 1.2 GiB: FrogModel.D3.CertData.L.L289 FrogModel.D3.CertData.L.L288
ok 5 s, peak 1.2 GiB: FrogModel.D3.CertData.L.L287 FrogModel.D3.CertData.L.L286
ok 7 s, peak 1.2 GiB: FrogModel.D3.CertData.L.L285 FrogModel.D3.CertData.L.L284
ok 5 s, peak 1.2 GiB: FrogModel.D3.CertData.L.L283 FrogModel.D3.CertData.L.L282
ok 6 s, peak 1.2 GiB: FrogModel.D3.CertData.L.L281 FrogModel.D3.CertData.L.L280
ok 5 s, peak 1.2 GiB: FrogModel.D3.CertData.L.L279 FrogModel.D3.CertData.L.L278
ok 6 s, peak 1.2 GiB: FrogModel.D3.CertData.L.L277 FrogModel.D3.CertData.L.L276
ok 7 s, peak 1.1 GiB: FrogModel.D3.CertData.L.L275 FrogModel.D3.CertData.L.L274
ok 7 s, peak 1.1 GiB: FrogModel.D3.CertData.L.L273 FrogModel.D3.CertData.L.L272
ok 7 s, peak 1.1 GiB: FrogModel.D3.CertData.L.L271 FrogModel.D3.CertData.L.L270
ok 6 s, peak 1.1 GiB: FrogModel.D3.CertData.L.L269 FrogModel.D3.CertData.L.L268
ok 6 s, peak 1.1 GiB: FrogModel.D3.CertData.L.L267 FrogModel.D3.CertData.L.L266
ok 6 s, peak 1.1 GiB: FrogModel.D3.CertData.L.L265 FrogModel.D3.CertData.L.L264
ok 8 s, peak 1.1 GiB: FrogModel.D3.CertData.L.L263 FrogModel.D3.CertData.L.L262
ok 7 s, peak 1.1 GiB: FrogModel.D3.CertData.L.L261 FrogModel.D3.CertData.L.L260
ok 8 s, peak 1.1 GiB: FrogModel.D3.CertData.L.L259 FrogModel.D3.CertData.L.L258
ok 9 s, peak 1.1 GiB: FrogModel.D3.CertData.L.L257 FrogModel.D3.CertData.L.L256
ok 6 s, peak 1.1 GiB: FrogModel.D3.CertData.L.L255 FrogModel.D3.CertData.L.L254
ok 7 s, peak 1.1 GiB: FrogModel.D3.CertData.L.L253 FrogModel.D3.CertData.L.L252
ok 8 s, peak 1.1 GiB: FrogModel.D3.CertData.L.L251 FrogModel.D3.CertData.L.L250
ok 8 s, peak 1.1 GiB: FrogModel.D3.CertData.L.L249 FrogModel.D3.CertData.L.L248
ok 9 s, peak 1.1 GiB: FrogModel.D3.CertData.L.L247 FrogModel.D3.CertData.L.L246
ok 7 s, peak 1.1 GiB: FrogModel.D3.CertData.L.L245 FrogModel.D3.CertData.L.L244
ok 8 s, peak 1.1 GiB: FrogModel.D3.CertData.L.L243 FrogModel.D3.CertData.L.L242
ok 7 s, peak 1.1 GiB: FrogModel.D3.CertData.L.L241 FrogModel.D3.CertData.L.L240
ok 7 s, peak 1.1 GiB: FrogModel.D3.CertData.L.L239 FrogModel.D3.CertData.L.L238
ok 5 s, peak 1.1 GiB: FrogModel.D3.CertData.L.L237 FrogModel.D3.CertData.L.L236
ok 7 s, peak 1.1 GiB: FrogModel.D3.CertData.L.L235 FrogModel.D3.CertData.L.L234
ok 5 s, peak 1.1 GiB: FrogModel.D3.CertData.L.L233 FrogModel.D3.CertData.L.L232
ok 7 s, peak 1.1 GiB: FrogModel.D3.CertData.L.L231 FrogModel.D3.CertData.L.L230
ok 8 s, peak 1.1 GiB: FrogModel.D3.CertData.L.L229 FrogModel.D3.CertData.L.L228
ok 8 s, peak 1.1 GiB: FrogModel.D3.CertData.L.L227 FrogModel.D3.CertData.L.L226
ok 7 s, peak 1.1 GiB: FrogModel.D3.CertData.L.L225 FrogModel.D3.CertData.L.L224
ok 8 s, peak 1.1 GiB: FrogModel.D3.CertData.L.L223 FrogModel.D3.CertData.L.L222
ok 7 s, peak 1.1 GiB: FrogModel.D3.CertData.L.L221 FrogModel.D3.CertData.L.L220
ok 6 s, peak 1.1 GiB: FrogModel.D3.CertData.L.L219 FrogModel.D3.CertData.L.L218
ok 6 s, peak 1.0 GiB: FrogModel.D3.CertData.L.L217 FrogModel.D3.CertData.L.L216
ok 6 s, peak 1.0 GiB: FrogModel.D3.CertData.L.L215 FrogModel.D3.CertData.L.L214
ok 5 s, peak 1.0 GiB: FrogModel.D3.CertData.L.L213 FrogModel.D3.CertData.L.L212
ok 7 s, peak 1.0 GiB: FrogModel.D3.CertData.L.L211 FrogModel.D3.CertData.L.L210
ok 7 s, peak 1.1 GiB: FrogModel.D3.CertData.L.L209 FrogModel.D3.CertData.L.L208
ok 8 s, peak 1.1 GiB: FrogModel.D3.CertData.L.L207 FrogModel.D3.CertData.L.L206
ok 9 s, peak 1.1 GiB: FrogModel.D3.CertData.L.L205 FrogModel.D3.CertData.L.L204
ok 7 s, peak 1.1 GiB: FrogModel.D3.CertData.L.L203 FrogModel.D3.CertData.L.L202
ok 8 s, peak 1.1 GiB: FrogModel.D3.CertData.L.L201 FrogModel.D3.CertData.L.L200
ok 7 s, peak 1.1 GiB: FrogModel.D3.CertData.L.L199 FrogModel.D3.CertData.L.L198
ok 8 s, peak 1.1 GiB: FrogModel.D3.CertData.L.L197 FrogModel.D3.CertData.L.L196
ok 8 s, peak 1.1 GiB: FrogModel.D3.CertData.L.L195 FrogModel.D3.CertData.L.L194
ok 7 s, peak 1.1 GiB: FrogModel.D3.CertData.L.L193 FrogModel.D3.CertData.L.L192
ok 5 s, peak 1.0 GiB: FrogModel.D3.CertData.L.L191 FrogModel.D3.CertData.L.L190
ok 5 s, peak 1.0 GiB: FrogModel.D3.CertData.L.L189 FrogModel.D3.CertData.L.L188
ok 7 s, peak 1.0 GiB: FrogModel.D3.CertData.L.L187 FrogModel.D3.CertData.L.L186
ok 7 s, peak 1.0 GiB: FrogModel.D3.CertData.L.L185 FrogModel.D3.CertData.L.L184
ok 7 s, peak 1.0 GiB: FrogModel.D3.CertData.L.L183 FrogModel.D3.CertData.L.L182
ok 8 s, peak 1.0 GiB: FrogModel.D3.CertData.L.L181 FrogModel.D3.CertData.L.L180
ok 6 s, peak 1.0 GiB: FrogModel.D3.CertData.L.L179 FrogModel.D3.CertData.L.L178
ok 6 s, peak 1.0 GiB: FrogModel.D3.CertData.L.L177 FrogModel.D3.CertData.L.L176
ok 4 s, peak 1.0 GiB: FrogModel.D3.CertData.L.L175 FrogModel.D3.CertData.L.L174
ok 4 s, peak 1.0 GiB: FrogModel.D3.CertData.L.L173 FrogModel.D3.CertData.L.L172
ok 4 s, peak 1.0 GiB: FrogModel.D3.CertData.L.L171 FrogModel.D3.CertData.L.L170
ok 4 s, peak 1.0 GiB: FrogModel.D3.CertData.L.L169 FrogModel.D3.CertData.L.L168
ok 7 s, peak 1.0 GiB: FrogModel.D3.CertData.L.L167 FrogModel.D3.CertData.L.L166
ok 7 s, peak 0.9 GiB: FrogModel.D3.CertData.L.L165 FrogModel.D3.CertData.L.L164
ok 7 s, peak 0.9 GiB: FrogModel.D3.CertData.L.L163 FrogModel.D3.CertData.L.L162
ok 8 s, peak 0.9 GiB: FrogModel.D3.CertData.L.L161 FrogModel.D3.CertData.L.L160
ok 8 s, peak 0.9 GiB: FrogModel.D3.CertData.L.L159 FrogModel.D3.CertData.L.L158
ok 7 s, peak 0.9 GiB: FrogModel.D3.CertData.L.L157 FrogModel.D3.CertData.L.L156
ok 7 s, peak 0.9 GiB: FrogModel.D3.CertData.L.L155 FrogModel.D3.CertData.L.L154
ok 6 s, peak 0.9 GiB: FrogModel.D3.CertData.L.L153 FrogModel.D3.CertData.L.L152
ok 7 s, peak 1.0 GiB: FrogModel.D3.CertData.L.L151 FrogModel.D3.CertData.L.L150
ok 7 s, peak 1.0 GiB: FrogModel.D3.CertData.L.L149 FrogModel.D3.CertData.L.L148
ok 7 s, peak 1.0 GiB: FrogModel.D3.CertData.L.L147 FrogModel.D3.CertData.L.L146
ok 6 s, peak 1.0 GiB: FrogModel.D3.CertData.L.L145 FrogModel.D3.CertData.L.L144
ok 6 s, peak 1.0 GiB: FrogModel.D3.CertData.L.L143 FrogModel.D3.CertData.L.L142
ok 6 s, peak 0.9 GiB: FrogModel.D3.CertData.L.L141 FrogModel.D3.CertData.L.L140
ok 6 s, peak 0.9 GiB: FrogModel.D3.CertData.L.L139 FrogModel.D3.CertData.L.L138
ok 7 s, peak 0.9 GiB: FrogModel.D3.CertData.L.L137 FrogModel.D3.CertData.L.L136
ok 7 s, peak 0.9 GiB: FrogModel.D3.CertData.L.L135 FrogModel.D3.CertData.L.L134
ok 7 s, peak 1.0 GiB: FrogModel.D3.CertData.L.L133 FrogModel.D3.CertData.L.L132
ok 6 s, peak 0.9 GiB: FrogModel.D3.CertData.L.L131 FrogModel.D3.CertData.L.L130
ok 6 s, peak 0.9 GiB: FrogModel.D3.CertData.L.L129 FrogModel.D3.CertData.L.L128
ok 6 s, peak 0.9 GiB: FrogModel.D3.CertData.L.L127 FrogModel.D3.CertData.L.L126
ok 6 s, peak 0.9 GiB: FrogModel.D3.CertData.L.L125 FrogModel.D3.CertData.L.L124
ok 5 s, peak 0.8 GiB: FrogModel.D3.CertData.L.L123 FrogModel.D3.CertData.L.L122
ok 7 s, peak 0.8 GiB: FrogModel.D3.CertData.L.L121 FrogModel.D3.CertData.L.L120
ok 7 s, peak 0.8 GiB: FrogModel.D3.CertData.L.L119 FrogModel.D3.CertData.L.L118
ok 5 s, peak 0.8 GiB: FrogModel.D3.CertData.L.L117 FrogModel.D3.CertData.L.L116
ok 7 s, peak 0.9 GiB: FrogModel.D3.CertData.L.L115 FrogModel.D3.CertData.L.L114
ok 8 s, peak 1.0 GiB: FrogModel.D3.CertData.L.L113 FrogModel.D3.CertData.L.L112
ok 9 s, peak 1.0 GiB: FrogModel.D3.CertData.L.L111 FrogModel.D3.CertData.L.L110
ok 8 s, peak 1.0 GiB: FrogModel.D3.CertData.L.L109 FrogModel.D3.CertData.L.L108
ok 9 s, peak 1.0 GiB: FrogModel.D3.CertData.L.L107 FrogModel.D3.CertData.L.L106
ok 7 s, peak 1.0 GiB: FrogModel.D3.CertData.L.L105 FrogModel.D3.CertData.L.L104
ok 6 s, peak 1.0 GiB: FrogModel.D3.CertData.L.L103 FrogModel.D3.CertData.L.L102
ok 8 s, peak 1.0 GiB: FrogModel.D3.CertData.L.L101 FrogModel.D3.CertData.L.L100
ok 86 s, peak 2.4 GiB: FrogModel.G3Q.Cand.Thm9 FrogModel.G3Q.Cand.Thm8
ok 64 s, peak 2.3 GiB: FrogModel.G3Q.Cand.Thm7 FrogModel.G3Q.Cand.Thm60
ok 63 s, peak 2.3 GiB: FrogModel.G3Q.Cand.Thm6 FrogModel.G3Q.Cand.Thm59
ok 70 s, peak 1.8 GiB: FrogModel.G3Q.Cand.Thm58 FrogModel.G3Q.Cand.Thm57
ok 67 s, peak 2.0 GiB: FrogModel.G3Q.Cand.Thm56 FrogModel.G3Q.Cand.Thm55
ok 66 s, peak 1.9 GiB: FrogModel.G3Q.Cand.Thm54 FrogModel.G3Q.Cand.Thm53
ok 55 s, peak 1.9 GiB: FrogModel.G3Q.Cand.Thm52 FrogModel.G3Q.Cand.Thm51
ok 58 s, peak 2.3 GiB: FrogModel.G3Q.Cand.Thm50 FrogModel.G3Q.Cand.Thm5
ok 57 s, peak 1.9 GiB: FrogModel.G3Q.Cand.Thm49 FrogModel.G3Q.Cand.Thm48
ok 47 s, peak 2.1 GiB: FrogModel.G3Q.Cand.Thm47 FrogModel.G3Q.Cand.Thm46
ok 45 s, peak 1.9 GiB: FrogModel.G3Q.Cand.Thm45 FrogModel.G3Q.Cand.Thm44
ok 45 s, peak 1.9 GiB: FrogModel.G3Q.Cand.Thm43 FrogModel.G3Q.Cand.Thm42
ok 57 s, peak 2.0 GiB: FrogModel.G3Q.Cand.Thm41 FrogModel.G3Q.Cand.Thm40
ok 55 s, peak 2.3 GiB: FrogModel.G3Q.Cand.Thm4 FrogModel.G3Q.Cand.Thm39
ok 59 s, peak 2.0 GiB: FrogModel.G3Q.Cand.Thm38 FrogModel.G3Q.Cand.Thm37
ok 87 s, peak 1.9 GiB: FrogModel.G3Q.Cand.Thm36 FrogModel.G3Q.Cand.Thm35
ok 86 s, peak 1.9 GiB: FrogModel.G3Q.Cand.Thm34 FrogModel.G3Q.Cand.Thm33
ok 64 s, peak 2.2 GiB: FrogModel.G3Q.Cand.Thm32 FrogModel.G3Q.Cand.Thm31
ok 57 s, peak 2.3 GiB: FrogModel.G3Q.Cand.Thm30 FrogModel.G3Q.Cand.Thm3
ok 70 s, peak 2.1 GiB: FrogModel.G3Q.Cand.Thm29 FrogModel.G3Q.Cand.Thm28
ok 65 s, peak 2.1 GiB: FrogModel.G3Q.Cand.Thm27 FrogModel.G3Q.Cand.Thm26
ok 61 s, peak 2.1 GiB: FrogModel.G3Q.Cand.Thm25 FrogModel.G3Q.Cand.Thm24
ok 47 s, peak 2.1 GiB: FrogModel.G3Q.Cand.Thm23 FrogModel.G3Q.Cand.Thm22
ok 39 s, peak 2.1 GiB: FrogModel.G3Q.Cand.Thm21 FrogModel.G3Q.Cand.Thm20
ok 39 s, peak 2.3 GiB: FrogModel.G3Q.Cand.Thm2 FrogModel.G3Q.Cand.Thm19
ok 39 s, peak 2.0 GiB: FrogModel.G3Q.Cand.Thm18 FrogModel.G3Q.Cand.Thm17
ok 40 s, peak 2.6 GiB: FrogModel.G3Q.Cand.Thm16 FrogModel.G3Q.Cand.Thm15
ok 38 s, peak 2.4 GiB: FrogModel.G3Q.Cand.Thm14 FrogModel.G3Q.Cand.Thm13
ok 39 s, peak 2.4 GiB: FrogModel.G3Q.Cand.Thm12 FrogModel.G3Q.Cand.Thm11
ok 46 s, peak 2.4 GiB: FrogModel.G3Q.Cand.Thm10 FrogModel.G3Q.Cand.Thm1
ok 38 s, peak 2.9 GiB: FrogModel.G3Q.Cand.Thm0 FrogModel.LemmaX.LawStatement
ok 6 s, peak 2.9 GiB: FrogModel.LemmaX.Coupling FrogModel.LemmaX.CertStatement
ok 8 s, peak 2.9 GiB: FrogModel.D3.LaneB.Lemma12 FrogModel.D3.LaneB.NegBin
ok 6 s, peak 2.9 GiB: FrogModel.D3.LaneB.Succ FrogModel.D3.LaneB.Lemma8
ok 12 s, peak 3.0 GiB: FrogModel.D3.LaneB.Lemma16 FrogModel.D3.LaneD.Pack
ok 12 s, peak 3.0 GiB: FrogModel.D3.LaneC.Order FrogModel.D3.LaneC.LowerDefs
ok 8 s, peak 2.9 GiB: FrogModel.D3.Interfaces.Seed FrogModel.D3.LaneE.Basic
ok 13 s, peak 2.9 GiB: FrogModel.LemmaR.Returns FrogModel.Recursion.Arrive
ok 8 s, peak 2.9 GiB: FrogModel.Engine.Drive FrogModel.D3.M1L.Bridge
ok 109 s, peak 2.0 GiB: FrogModel.D3.CertData.L.LT
ok 101 s, peak 2.0 GiB: FrogModel.D3.CertData.L.L604
ok 97 s, peak 2.0 GiB: FrogModel.D3.CertData.L.L603
ok 92 s, peak 2.0 GiB: FrogModel.D3.CertData.L.L602
ok 94 s, peak 2.0 GiB: FrogModel.D3.CertData.L.L601
ok 90 s, peak 2.0 GiB: FrogModel.D3.CertData.L.L600
ok 5 s, peak 2.9 GiB: FrogModel.LemmaX.PlanCheck
ok 18 s, peak 3.7 GiB: FrogModel.D3.LaneD.ConvSound
ok 5 s, peak 2.9 GiB: FrogModel.D3.LaneD.CheckSpec
ok 6 s, peak 2.9 GiB: FrogModel.D3.Interfaces.Checks
ok 12 s, peak 3.0 GiB: FrogModel.G3Q.Cand.All FrogModel.LemmaX.Mean
ok 9 s, peak 3.4 GiB: FrogModel.LemmaX.ClaimA FrogModel.LemmaX.Lemma62
ok 6 s, peak 2.9 GiB: FrogModel.LemmaX.ChildDefs FrogModel.D3.LaneB.Good
ok 9 s, peak 3.0 GiB: FrogModel.D3.LaneD.Terms FrogModel.D3.LaneD.Decode
ok 15 s, peak 3.1 GiB: FrogModel.D3.LaneD.SLawSound FrogModel.D3.LaneC.Lemma18
ok 7 s, peak 2.9 GiB: FrogModel.D3.LaneC.StageCmp FrogModel.D3.LaneC.LowerStep
ok 16 s, peak 2.9 GiB: FrogModel.D3.M1K.Real FrogModel.D3.LaneE.Interval
ok 13 s, peak 3.0 GiB: FrogModel.D3.LaneE.Induction FrogModel.LemmaR.Awake
ok 7 s, peak 2.9 GiB: FrogModel.Recursion.Copy FrogModel.Engine.Law
ok 7 s, peak 2.9 GiB: FrogModel.D3.M1L.Height0Defs FrogModel.D3.M1L.F1Zero
ok 12 s, peak 3.3 GiB: FrogModel.LemmaX.ClaimALaw FrogModel.LemmaX.PlanSound
ok 10 s, peak 3.0 GiB: FrogModel.LemmaX.ChildBasic FrogModel.D3.LaneB.Lemma9
ok 10 s, peak 2.9 GiB: FrogModel.D3.LaneB.Lemma16Prob FrogModel.D3.LaneB.ClosIdentity
ok 7 s, peak 3.0 GiB: FrogModel.D3.LaneD.SingleSound FrogModel.D3.LaneD.StepTerms
ok 9 s, peak 3.0 GiB: FrogModel.D3.LaneC.Seed FrogModel.D3.LaneC.LowerMeas
ok 16 s, peak 3.0 GiB: FrogModel.D3.M1K.Closure FrogModel.D3.LaneE.Tail
ok 8 s, peak 2.9 GiB: FrogModel.D3.LaneE.Pick FrogModel.LemmaR.Planted.Awake
ok 12 s, peak 3.0 GiB: FrogModel.Recursion.Law FrogModel.Engine.Dominate
ok 8 s, peak 2.9 GiB: FrogModel.D3.M1L.Laws FrogModel.D3.M1L.Height1Defs
ok 8 s, peak 3.0 GiB: FrogModel.D3.M1L.GenDefs FrogModel.D3.M1L.F1Gen
ok 9 s, peak 3.1 GiB: FrogModel.D3.LaneE.Table
ok 10 s, peak 3.6 GiB: FrogModel.LemmaX.LawMain FrogModel.LemmaX.PlanCand
ok 12 s, peak 3.0 GiB: FrogModel.LemmaX.Lemma61 FrogModel.LemmaX.ChildLaw
ok 8 s, peak 2.9 GiB: FrogModel.Engine.CandSim FrogModel.D3.LaneB.OptSampling
ok 6 s, peak 2.9 GiB: FrogModel.D3.LaneD.SeedSound FrogModel.D3.LaneD.ExtSound
ok 9 s, peak 3.0 GiB: FrogModel.D3.LaneD.StepSound FrogModel.D3.LaneC.LowerLaw
ok 12 s, peak 3.0 GiB: FrogModel.D3.M1K.YSound FrogModel.D3.M1K.Height0
ok 11 s, peak 3.0 GiB: FrogModel.LemmaR.Planted.Main FrogModel.D3.LaneA.Depth
ok 9 s, peak 3.0 GiB: FrogModel.Recursion.Main FrogModel.Engine.Markov
ok 8 s, peak 3.0 GiB: FrogModel.D3.M1L.GenFold FrogModel.D3.M1L.GenBasic
ok 14 s, peak 3.0 GiB: FrogModel.LemmaX.CertMain FrogModel.D3.LaneB.ClosMean
ok 6 s, peak 2.9 GiB: FrogModel.D3.Chain.Link FrogModel.D3.LaneC.Couple
ok 6 s, peak 2.9 GiB: FrogModel.D3.M1K.Sound FrogModel.D3.LaneA.Walk
ok 6 s, peak 2.9 GiB: FrogModel.D3.LaneA.Sym FrogModel.D3.LaneA.Meas
ok 9 s, peak 3.0 GiB: FrogModel.Engine.DomChain FrogModel.D3.ChainLaw
ok 7 s, peak 3.0 GiB: FrogModel.D3.M1L.GenAux
ok 6 s, peak 2.9 GiB: FrogModel.LemmaR.Planted.Check
ok 7 s, peak 2.9 GiB: FrogModel.D3.LaneB.Lemma8a FrogModel.D3.CertData.B.B9
ok 6 s, peak 2.9 GiB: FrogModel.D3.CertData.B.B8 FrogModel.D3.CertData.B.B7
ok 7 s, peak 2.9 GiB: FrogModel.D3.CertData.B.B6 FrogModel.D3.CertData.B.B5
ok 6 s, peak 2.9 GiB: FrogModel.D3.CertData.B.B4 FrogModel.D3.CertData.B.B3
ok 6 s, peak 2.9 GiB: FrogModel.D3.CertData.B.B2 FrogModel.D3.CertData.B.B10
ok 7 s, peak 2.9 GiB: FrogModel.D3.CertData.B.B1 FrogModel.D3.CertData.B.B0
ok 6 s, peak 3.0 GiB: FrogModel.D3.LaneC.S2S3 FrogModel.D3.M1K.Run
ok 6 s, peak 2.9 GiB: FrogModel.D3.Bridge FrogModel.D3.LaneA.Indep
ok 11 s, peak 3.1 GiB: FrogModel.Engine.CandDom FrogModel.D3.M1L.Height0
ok 6 s, peak 2.9 GiB: FrogModel.D3.CertData.Main FrogModel.D3.Interfaces.Assembly
ok 5 s, peak 2.9 GiB: FrogModel.D3.LaneA.Trials FrogModel.D3.LaneA.Coins
ok 9 s, peak 3.0 GiB: FrogModel.Engine.CandKernel FrogModel.D3.M1L.Height1
ok 6 s, peak 2.9 GiB: FrogModel.D3.M1L.GenLaw
ok 11 s, peak 3.4 GiB: FrogModel.Engine.G3Codes
ok 9 s, peak 3.0 GiB: FrogModel.D3.Chain.Final FrogModel.D3.LaneB.Lemma10
ok 6 s, peak 2.9 GiB: FrogModel.D3.LaneA.Pool.Defs FrogModel.D3.LaneA.FutureDom
ok 8 s, peak 3.0 GiB: FrogModel.D3.M1L.Height1Law FrogModel.D3.M1L.GenStep
ok 6 s, peak 2.9 GiB: FrogModel.D3.LaneA.Pool.Arrive FrogModel.D3.LaneA.Lemma19
ok 11 s, peak 3.0 GiB: FrogModel.Engine.G3Sem FrogModel.D3.M1L.GenGood
ok 9 s, peak 3.3 GiB: FrogModel.D3.LaneA.Pool.Copy FrogModel.Engine.G3Step
ok 7 s, peak 2.9 GiB: FrogModel.D3.M1L.GenMain FrogModel.D3.LaneA.Pool.Law
ok 9 s, peak 3.0 GiB: FrogModel.Engine.G3StepV FrogModel.D3.M1L.GenIface
ok 16 s, peak 3.1 GiB: FrogModel.D3.LaneA.Pool.Main FrogModel.Engine.G3StepW
ok 13 s, peak 3.0 GiB: FrogModel.D3.M1L.F3L FrogModel.D3.LaneA.Delivered
ok 6 s, peak 2.9 GiB: FrogModel.Engine.G3Cert FrogModel.D3.M1L.F3LMain
ok 6 s, peak 2.9 GiB: FrogModel.Final FrogModel.D3.Assembly
ok 8 s, peak 3.2 GiB: FrogModel.Solution FrogModel.SolutionRecurrent
# done in 99 min: 1490 modules, 754 batches (15 heavy, 739 light), 754 lake calls, 0 modules failed
# size of .lake/build: 2043.3 MiB in all, setup.json 1215.3 MiB, olean 498.9 MiB, olean.private 188.3 MiB, c 61.0 MiB, ilean 42.8 MiB, ir 25.9 MiB, olean.server 6.2 MiB, trace 4.5 MiB, ir.sig 0.3 MiB, olean.server.hash 0.0 MiB, olean.private.hash 0.0 MiB, olean.hash 0.0 MiB, ir.sig.hash 0.0 MiB, ir.hash 0.0 MiB, ilean.hash 0.0 MiB, c.hash 0.0 MiB
# result: ok, all 1490 modules built
# clean_build.sh at 2026-10-04 06:33 UTC
# Lean (version 4.34.1, x86_64-unknown-linux-gnu, commit 5045d0056413266e57c625dcd7c365b10e377c52, Release)
# Lake version 5.0.0-src+5045d00 (Lean version 4.34.1)
# machine: AMD Ryzen 9 5900X 12-Core Processor, 24 logical CPUs, 60.7 GiB RAM
# package: 1490 modules; sources sha256 435ad085607a3de5c802b3cfa39764f5f912b586946cfde50cd7ccbb5b474d66; Lean sources d5d8625a0a79286974281cfc56984f7a8aa3656e46624128ab4c007a85b677e3, lakefile.toml 9f2b6c6e5031dc5ff8336df546835ccdee3402f0b41d9965587fa3e8afa1cac4, lake-manifest.json b3a1bdc58c2788191cce88de9b5eb9f08172fd10813b9c6734f8de35485caf4d
# (sha256 of a set of files: that of the sha256sum listing of the files, paths from the package root in LC_ALL=C order; Lean sources: the .lean files of FrogModel/, and FrogModel.lean if present)
# settings: HB=1 LB=2 PEAK_HEAVY=9G PEAK_LIGHT=4G MEM_MARGIN=1G MEM_POLL=60 MEM_LOWER=600 MIN_DISK_GB=3; RUN_WRAP: none; lock: none
# memory peak per call: ru_maxrss from /usr/bin/time (the largest single process of the call, a lower bound for the call)
# at start: MemAvailable 40.0 GiB, load average 17.74 17.70 14.29
# RESUME=1: continues on the present build directory (not a clean build)
ok 5 s, peak 0.9 GiB: FrogModel.Cert.Defs FrogModel.Challenge
ok 19 s, peak 3.0 GiB: FrogModel.ChallengeRecurrent FrogModel.D3.CertData.S.S100
ok 1 s, peak 0.8 GiB: FrogModel.D3.CertData.S.S101 FrogModel.D3.CertData.S.S102
ok 0 s, peak 0.8 GiB: FrogModel.D3.CertData.S.S103 FrogModel.D3.CertData.S.S104
ok 0 s, peak 0.8 GiB: FrogModel.D3.CertData.S.S105 FrogModel.D3.CertData.S.S106
ok 1 s, peak 0.8 GiB: FrogModel.D3.CertData.S.S107 FrogModel.D3.CertData.S.S108
ok 1 s, peak 0.8 GiB: FrogModel.D3.CertData.S.S109 FrogModel.D3.CertData.S.S110
ok 1 s, peak 0.8 GiB: FrogModel.D3.CertData.S.S111 FrogModel.D3.CertData.S.S112
ok 1 s, peak 0.8 GiB: FrogModel.D3.CertData.S.S113 FrogModel.D3.CertData.S.S114
ok 1 s, peak 0.8 GiB: FrogModel.D3.CertData.S.S115 FrogModel.D3.CertData.S.S116
ok 1 s, peak 0.8 GiB: FrogModel.D3.CertData.S.S117 FrogModel.D3.CertData.S.S118
ok 1 s, peak 0.8 GiB: FrogModel.D3.CertData.S.S119 FrogModel.D3.CertData.S.S120
ok 1 s, peak 0.8 GiB: FrogModel.D3.CertData.S.S121 FrogModel.D3.CertData.S.S122
ok 0 s, peak 0.8 GiB: FrogModel.D3.CertData.S.S123 FrogModel.D3.CertData.S.S124
ok 1 s, peak 0.8 GiB: FrogModel.D3.CertData.S.S125 FrogModel.D3.CertData.S.S126
ok 1 s, peak 0.8 GiB: FrogModel.D3.CertData.S.S127 FrogModel.D3.CertData.S.S128
ok 1 s, peak 0.8 GiB: FrogModel.D3.CertData.S.S129 FrogModel.D3.CertData.S.S130
ok 0 s, peak 0.8 GiB: FrogModel.D3.CertData.S.S131 FrogModel.D3.CertData.S.S132
ok 1 s, peak 0.8 GiB: FrogModel.D3.CertData.S.S133 FrogModel.D3.CertData.S.S134
ok 1 s, peak 0.8 GiB: FrogModel.D3.CertData.S.S135 FrogModel.D3.CertData.S.S136
ok 1 s, peak 0.8 GiB: FrogModel.D3.CertData.S.S137 FrogModel.D3.CertData.S.S138
ok 1 s, peak 0.8 GiB: FrogModel.D3.CertData.S.S139 FrogModel.D3.CertData.S.S140
ok 1 s, peak 0.8 GiB: FrogModel.D3.CertData.S.S141 FrogModel.D3.CertData.S.S142
ok 1 s, peak 0.8 GiB: FrogModel.D3.CertData.S.S143 FrogModel.D3.CertData.S.S144
ok 0 s, peak 0.8 GiB: FrogModel.D3.CertData.S.S145 FrogModel.D3.CertData.S.S146
ok 1 s, peak 0.8 GiB: FrogModel.D3.CertData.S.S147 FrogModel.D3.CertData.S.S148
ok 1 s, peak 0.8 GiB: FrogModel.D3.CertData.S.S149 FrogModel.D3.CertData.S.S150
ok 1 s, peak 0.8 GiB: FrogModel.D3.CertData.S.S151 FrogModel.D3.CertData.S.S152
ok 0 s, peak 0.8 GiB: FrogModel.D3.CertData.S.S153 FrogModel.D3.CertData.S.S154
ok 1 s, peak 0.8 GiB: FrogModel.D3.CertData.S.S155 FrogModel.D3.CertData.S.S156
ok 1 s, peak 0.8 GiB: FrogModel.D3.CertData.S.S157 FrogModel.D3.CertData.S.S158
ok 1 s, peak 0.8 GiB: FrogModel.D3.CertData.S.S159 FrogModel.D3.CertData.S.S160
ok 1 s, peak 0.8 GiB: FrogModel.D3.CertData.S.S161 FrogModel.D3.CertData.S.S162
ok 1 s, peak 0.8 GiB: FrogModel.D3.CertData.S.S163 FrogModel.D3.CertData.S.S164
ok 1 s, peak 0.8 GiB: FrogModel.D3.CertData.S.S165 FrogModel.D3.CertData.S.S166
ok 1 s, peak 0.8 GiB: FrogModel.D3.CertData.S.S167 FrogModel.D3.CertData.S.S168
ok 2 s, peak 0.8 GiB: FrogModel.D3.CertData.S.S169 FrogModel.D3.CertData.S.S170
ok 1 s, peak 0.8 GiB: FrogModel.D3.CertData.S.S171 FrogModel.D3.CertData.S.S172
ok 1 s, peak 0.8 GiB: FrogModel.D3.CertData.S.S173 FrogModel.D3.CertData.S.S174
ok 1 s, peak 0.8 GiB: FrogModel.D3.CertData.S.S175 FrogModel.D3.CertData.S.S176
ok 0 s, peak 0.8 GiB: FrogModel.D3.CertData.S.S177 FrogModel.D3.CertData.S.S178
ok 1 s, peak 0.8 GiB: FrogModel.D3.CertData.S.S179 FrogModel.D3.CertData.S.S180
ok 1 s, peak 0.8 GiB: FrogModel.D3.CertData.S.S181 FrogModel.D3.CertData.S.S182
ok 2 s, peak 0.8 GiB: FrogModel.D3.CertData.S.S183 FrogModel.D3.CertData.S.S184
ok 1 s, peak 0.8 GiB: FrogModel.D3.CertData.S.S185 FrogModel.D3.CertData.S.S186
ok 1 s, peak 0.8 GiB: FrogModel.D3.CertData.S.S187 FrogModel.D3.CertData.S.S188
ok 1 s, peak 0.8 GiB: FrogModel.D3.CertData.S.S189 FrogModel.D3.CertData.S.S190
ok 1 s, peak 0.8 GiB: FrogModel.D3.CertData.S.S191 FrogModel.D3.CertData.S.S192
ok 1 s, peak 0.8 GiB: FrogModel.D3.CertData.S.S193 FrogModel.D3.CertData.S.S194
ok 2 s, peak 0.8 GiB: FrogModel.D3.CertData.S.S195 FrogModel.D3.CertData.S.S196
ok 1 s, peak 0.8 GiB: FrogModel.D3.CertData.S.S197 FrogModel.D3.CertData.S.S198
ok 1 s, peak 0.8 GiB: FrogModel.D3.CertData.S.S199 FrogModel.D3.CertData.S.S200
ok 1 s, peak 0.8 GiB: FrogModel.D3.CertData.S.S201 FrogModel.D3.CertData.S.S202
ok 2 s, peak 0.8 GiB: FrogModel.D3.CertData.S.S203 FrogModel.D3.CertData.S.S204
ok 1 s, peak 0.8 GiB: FrogModel.D3.CertData.S.S205 FrogModel.D3.CertData.S.S206
ok 2 s, peak 0.8 GiB: FrogModel.D3.CertData.S.S207 FrogModel.D3.CertData.S.S208
ok 1 s, peak 0.8 GiB: FrogModel.D3.CertData.S.S209 FrogModel.D3.CertData.S.S210
ok 1 s, peak 0.8 GiB: FrogModel.D3.CertData.S.S211 FrogModel.D3.CertData.S.S212
ok 1 s, peak 0.8 GiB: FrogModel.D3.CertData.S.S213 FrogModel.D3.CertData.S.S214
ok 2 s, peak 0.8 GiB: FrogModel.D3.CertData.S.S215 FrogModel.D3.CertData.S.S216
ok 1 s, peak 0.8 GiB: FrogModel.D3.CertData.S.S217 FrogModel.D3.CertData.S.S218
ok 1 s, peak 0.8 GiB: FrogModel.D3.CertData.S.S219 FrogModel.D3.CertData.S.S220
ok 1 s, peak 0.8 GiB: FrogModel.D3.CertData.S.S221 FrogModel.D3.CertData.S.S222
ok 1 s, peak 0.8 GiB: FrogModel.D3.CertData.S.S223 FrogModel.D3.CertData.S.S224
ok 1 s, peak 0.8 GiB: FrogModel.D3.CertData.S.S225 FrogModel.D3.CertData.S.S226
ok 2 s, peak 0.8 GiB: FrogModel.D3.CertData.S.S227 FrogModel.D3.CertData.S.S228
ok 1 s, peak 0.8 GiB: FrogModel.D3.CertData.S.S229 FrogModel.D3.CertData.S.S230
ok 1 s, peak 0.8 GiB: FrogModel.D3.CertData.S.S231 FrogModel.D3.CertData.S.S232
ok 1 s, peak 0.8 GiB: FrogModel.D3.CertData.S.S233 FrogModel.D3.CertData.S.S234
ok 1 s, peak 0.8 GiB: FrogModel.D3.CertData.S.S235 FrogModel.D3.CertData.S.S236
ok 2 s, peak 0.8 GiB: FrogModel.D3.CertData.S.S237 FrogModel.D3.CertData.S.S238
ok 1 s, peak 0.8 GiB: FrogModel.D3.CertData.S.S239 FrogModel.D3.CertData.S.S240
ok 1 s, peak 0.8 GiB: FrogModel.D3.CertData.S.S241 FrogModel.D3.CertData.S.S242
ok 2 s, peak 0.8 GiB: FrogModel.D3.CertData.S.S243 FrogModel.D3.CertData.S.S244
ok 1 s, peak 0.8 GiB: FrogModel.D3.CertData.S.S245 FrogModel.D3.CertData.S.S246
ok 2 s, peak 0.8 GiB: FrogModel.D3.CertData.S.S247 FrogModel.D3.CertData.S.S248
ok 1 s, peak 0.8 GiB: FrogModel.D3.CertData.S.S249 FrogModel.D3.CertData.S.S250
ok 1 s, peak 0.8 GiB: FrogModel.D3.CertData.S.S251 FrogModel.D3.CertData.S.S252
ok 2 s, peak 0.8 GiB: FrogModel.D3.CertData.S.S253 FrogModel.D3.CertData.S.S254
ok 1 s, peak 0.8 GiB: FrogModel.D3.CertData.S.S255 FrogModel.D3.CertData.S.S256
ok 2 s, peak 0.8 GiB: FrogModel.D3.CertData.S.S257 FrogModel.D3.CertData.S.S258
ok 1 s, peak 0.8 GiB: FrogModel.D3.CertData.S.S259 FrogModel.D3.CertData.S.S260
ok 2 s, peak 0.8 GiB: FrogModel.D3.CertData.S.S261 FrogModel.D3.CertData.S.S262
ok 1 s, peak 0.8 GiB: FrogModel.D3.CertData.S.S263 FrogModel.D3.CertData.S.S264
ok 1 s, peak 0.8 GiB: FrogModel.D3.CertData.S.S265 FrogModel.D3.CertData.S.S266
ok 1 s, peak 0.8 GiB: FrogModel.D3.CertData.S.S267 FrogModel.D3.CertData.S.S268
ok 1 s, peak 0.8 GiB: FrogModel.D3.CertData.S.S269 FrogModel.D3.CertData.S.S270
ok 1 s, peak 0.8 GiB: FrogModel.D3.CertData.S.S271 FrogModel.D3.CertData.S.S272
ok 2 s, peak 0.8 GiB: FrogModel.D3.CertData.S.S273 FrogModel.D3.CertData.S.S274
ok 1 s, peak 0.8 GiB: FrogModel.D3.CertData.S.S275 FrogModel.D3.CertData.S.S276
ok 2 s, peak 0.8 GiB: FrogModel.D3.CertData.S.S277 FrogModel.D3.CertData.S.S278
ok 1 s, peak 0.8 GiB: FrogModel.D3.CertData.S.S279 FrogModel.D3.CertData.S.S280
ok 1 s, peak 0.8 GiB: FrogModel.D3.CertData.S.S281 FrogModel.D3.CertData.S.S282
ok 1 s, peak 0.8 GiB: FrogModel.D3.CertData.S.S283 FrogModel.D3.CertData.S.S284
ok 2 s, peak 0.8 GiB: FrogModel.D3.CertData.S.S285 FrogModel.D3.CertData.S.S286
ok 3 s, peak 0.8 GiB: FrogModel.D3.CertData.S.S287 FrogModel.D3.CertData.S.S288
ok 1 s, peak 0.8 GiB: FrogModel.D3.CertData.S.S289 FrogModel.D3.CertData.S.S290
ok 1 s, peak 0.8 GiB: FrogModel.D3.CertData.S.S291 FrogModel.D3.CertData.S.S292
ok 2 s, peak 0.8 GiB: FrogModel.D3.CertData.S.S293 FrogModel.D3.CertData.S.S294
ok 1 s, peak 0.8 GiB: FrogModel.D3.CertData.S.S295 FrogModel.D3.CertData.S.S296
ok 1 s, peak 0.8 GiB: FrogModel.D3.CertData.S.S297 FrogModel.D3.CertData.S.S298
ok 2 s, peak 0.8 GiB: FrogModel.D3.CertData.S.S299 FrogModel.D3.CertData.S.S300
ok 1 s, peak 0.8 GiB: FrogModel.D3.CertData.S.S301 FrogModel.D3.CertData.S.S302
ok 2 s, peak 0.8 GiB: FrogModel.D3.CertData.S.S303 FrogModel.D3.CertData.S.S304
ok 1 s, peak 0.8 GiB: FrogModel.D3.CertData.S.S305 FrogModel.D3.CertData.S.S306
ok 2 s, peak 0.8 GiB: FrogModel.D3.CertData.S.S307 FrogModel.D3.CertData.S.S308
ok 1 s, peak 0.8 GiB: FrogModel.D3.CertData.S.S309 FrogModel.D3.CertData.S.S310
ok 1 s, peak 0.8 GiB: FrogModel.D3.CertData.S.S311 FrogModel.D3.CertData.S.S312
ok 2 s, peak 0.8 GiB: FrogModel.D3.CertData.S.S313 FrogModel.D3.CertData.S.S314
ok 1 s, peak 0.8 GiB: FrogModel.D3.CertData.S.S315 FrogModel.D3.CertData.S.S316
ok 1 s, peak 0.8 GiB: FrogModel.D3.CertData.S.S317 FrogModel.D3.CertData.S.S318
ok 1 s, peak 0.8 GiB: FrogModel.D3.CertData.S.S319 FrogModel.D3.CertData.S.S320
ok 2 s, peak 0.8 GiB: FrogModel.D3.CertData.S.S321 FrogModel.D3.CertData.S.S322
ok 1 s, peak 0.8 GiB: FrogModel.D3.CertData.S.S323 FrogModel.D3.CertData.S.S324
ok 1 s, peak 0.8 GiB: FrogModel.D3.CertData.S.S325 FrogModel.D3.CertData.S.S326
ok 2 s, peak 0.8 GiB: FrogModel.D3.CertData.S.S327 FrogModel.D3.CertData.S.S328
ok 1 s, peak 0.8 GiB: FrogModel.D3.CertData.S.S329 FrogModel.D3.CertData.S.S330
ok 1 s, peak 0.8 GiB: FrogModel.D3.CertData.S.S331 FrogModel.D3.CertData.S.S332
ok 2 s, peak 0.8 GiB: FrogModel.D3.CertData.S.S333 FrogModel.D3.CertData.S.S334
ok 1 s, peak 0.8 GiB: FrogModel.D3.CertData.S.S335 FrogModel.D3.CertData.S.S336
ok 1 s, peak 0.8 GiB: FrogModel.D3.CertData.S.S337 FrogModel.D3.CertData.S.S338
ok 1 s, peak 0.8 GiB: FrogModel.D3.CertData.S.S339 FrogModel.D3.CertData.S.S340
ok 1 s, peak 0.8 GiB: FrogModel.D3.CertData.S.S341 FrogModel.D3.CertData.S.S342
ok 1 s, peak 0.8 GiB: FrogModel.D3.CertData.S.S343 FrogModel.D3.CertData.S.S344
ok 2 s, peak 0.8 GiB: FrogModel.D3.CertData.S.S345 FrogModel.D3.CertData.S.S346
ok 1 s, peak 0.8 GiB: FrogModel.D3.CertData.S.S347 FrogModel.D3.CertData.S.S348
ok 1 s, peak 0.8 GiB: FrogModel.D3.CertData.S.S349 FrogModel.D3.CertData.S.S350
ok 1 s, peak 0.8 GiB: FrogModel.D3.CertData.S.S351 FrogModel.D3.CertData.S.S352
ok 1 s, peak 0.8 GiB: FrogModel.D3.CertData.S.S353 FrogModel.D3.CertData.S.S354
ok 1 s, peak 0.8 GiB: FrogModel.D3.CertData.S.S355 FrogModel.D3.CertData.S.S356
ok 1 s, peak 0.8 GiB: FrogModel.D3.CertData.S.S357 FrogModel.D3.CertData.S.S358
ok 2 s, peak 0.8 GiB: FrogModel.D3.CertData.S.S359 FrogModel.D3.CertData.S.S360
ok 1 s, peak 0.8 GiB: FrogModel.D3.CertData.S.S361 FrogModel.D3.CertData.S.S362
ok 1 s, peak 0.8 GiB: FrogModel.D3.CertData.S.S363 FrogModel.D3.CertData.S.S364
ok 1 s, peak 0.8 GiB: FrogModel.D3.CertData.S.S365 FrogModel.D3.CertData.S.S366
ok 1 s, peak 0.8 GiB: FrogModel.D3.CertData.S.S367 FrogModel.D3.CertData.S.S368
ok 1 s, peak 0.8 GiB: FrogModel.D3.CertData.S.S369 FrogModel.D3.CertData.S.S370
ok 1 s, peak 0.8 GiB: FrogModel.D3.CertData.S.S371 FrogModel.D3.CertData.S.S372
ok 1 s, peak 0.8 GiB: FrogModel.D3.CertData.S.S373 FrogModel.D3.CertData.S.S374
ok 1 s, peak 0.8 GiB: FrogModel.D3.CertData.S.S375 FrogModel.D3.CertData.S.S376
ok 2 s, peak 0.8 GiB: FrogModel.D3.CertData.S.S377 FrogModel.D3.CertData.S.S378
ok 1 s, peak 0.8 GiB: FrogModel.D3.CertData.S.S379 FrogModel.D3.CertData.S.S380
ok 1 s, peak 0.8 GiB: FrogModel.D3.CertData.S.S381 FrogModel.D3.CertData.S.S382
ok 1 s, peak 0.8 GiB: FrogModel.D3.CertData.S.S383 FrogModel.D3.CertData.S.S384
ok 1 s, peak 0.8 GiB: FrogModel.D3.CertData.S.S385 FrogModel.D3.CertData.S.S386
ok 1 s, peak 0.8 GiB: FrogModel.D3.CertData.S.S387 FrogModel.D3.CertData.S.S388
ok 1 s, peak 0.8 GiB: FrogModel.D3.CertData.S.S389 FrogModel.D3.CertData.S.S390
ok 2 s, peak 0.8 GiB: FrogModel.D3.CertData.S.S391 FrogModel.D3.CertData.S.S392
ok 1 s, peak 0.8 GiB: FrogModel.D3.CertData.S.S393 FrogModel.D3.CertData.S.S394
ok 1 s, peak 0.8 GiB: FrogModel.D3.CertData.S.S395 FrogModel.D3.CertData.S.S396
ok 1 s, peak 0.8 GiB: FrogModel.D3.CertData.S.S397 FrogModel.D3.CertData.S.S398
ok 1 s, peak 0.8 GiB: FrogModel.D3.CertData.S.S399 FrogModel.D3.CertData.S.S400
ok 1 s, peak 0.8 GiB: FrogModel.D3.CertData.S.S401 FrogModel.D3.CertData.S.S402
ok 1 s, peak 0.8 GiB: FrogModel.D3.CertData.S.S403 FrogModel.D3.CertData.S.S404
ok 1 s, peak 0.8 GiB: FrogModel.D3.CertData.S.S405 FrogModel.D3.CertData.S.S406
ok 1 s, peak 0.8 GiB: FrogModel.D3.CertData.S.S407 FrogModel.D3.CertData.S.S408
ok 1 s, peak 0.8 GiB: FrogModel.D3.CertData.S.S409 FrogModel.D3.CertData.S.S410
ok 0 s, peak 0.8 GiB: FrogModel.D3.CertData.S.S411 FrogModel.D3.CertData.S.S412
ok 2 s, peak 0.8 GiB: FrogModel.D3.CertData.S.S413 FrogModel.D3.CertData.S.S414
ok 1 s, peak 0.8 GiB: FrogModel.D3.CertData.S.S415 FrogModel.D3.CertData.S.S416
ok 1 s, peak 0.8 GiB: FrogModel.D3.CertData.S.S417 FrogModel.D3.CertData.S.S418
ok 1 s, peak 0.8 GiB: FrogModel.D3.CertData.S.S419 FrogModel.D3.CertData.S.S420
ok 0 s, peak 0.8 GiB: FrogModel.D3.CertData.S.S421 FrogModel.D3.CertData.S.S422
ok 1 s, peak 0.8 GiB: FrogModel.D3.CertData.S.S423 FrogModel.D3.CertData.S.S424
ok 1 s, peak 0.8 GiB: FrogModel.D3.CertData.S.S425 FrogModel.D3.CertData.S.S426
ok 1 s, peak 0.8 GiB: FrogModel.D3.CertData.S.S427 FrogModel.D3.CertData.S.S428
ok 1 s, peak 0.8 GiB: FrogModel.D3.CertData.S.S429 FrogModel.D3.CertData.S.S430
ok 1 s, peak 0.8 GiB: FrogModel.D3.CertData.S.S431 FrogModel.D3.CertData.S.S432
ok 1 s, peak 0.8 GiB: FrogModel.D3.CertData.S.S433 FrogModel.D3.CertData.S.S434
ok 1 s, peak 0.8 GiB: FrogModel.D3.CertData.S.S435 FrogModel.D3.CertData.S.S436
ok 0 s, peak 0.8 GiB: FrogModel.D3.CertData.S.S437 FrogModel.D3.CertData.S.S438
ok 1 s, peak 0.8 GiB: FrogModel.D3.CertData.S.S439 FrogModel.D3.CertData.S.S440
ok 1 s, peak 0.8 GiB: FrogModel.D3.CertData.S.S441 FrogModel.D3.CertData.S.S442
ok 1 s, peak 0.8 GiB: FrogModel.D3.CertData.S.S443 FrogModel.D3.CertData.S.S444
ok 1 s, peak 0.8 GiB: FrogModel.D3.CertData.S.S445 FrogModel.D3.CertData.S.S446
ok 1 s, peak 0.8 GiB: FrogModel.D3.CertData.S.S447 FrogModel.D3.CertData.S.S448
ok 0 s, peak 0.8 GiB: FrogModel.D3.CertData.S.S449 FrogModel.D3.CertData.S.S450
ok 1 s, peak 0.8 GiB: FrogModel.D3.CertData.S.S451 FrogModel.D3.CertData.S.S452
ok 1 s, peak 0.8 GiB: FrogModel.D3.CertData.S.S453 FrogModel.D3.CertData.S.S454
ok 1 s, peak 0.8 GiB: FrogModel.D3.CertData.S.S455 FrogModel.D3.CertData.S.S456
ok 0 s, peak 0.8 GiB: FrogModel.D3.CertData.S.S457 FrogModel.D3.CertData.S.S458
ok 1 s, peak 0.8 GiB: FrogModel.D3.CertData.S.S459 FrogModel.D3.CertData.S.S460
ok 1 s, peak 0.8 GiB: FrogModel.D3.CertData.S.S461 FrogModel.D3.CertData.S.S462
ok 1 s, peak 0.8 GiB: FrogModel.D3.CertData.S.S463 FrogModel.D3.CertData.S.S464
ok 1 s, peak 0.8 GiB: FrogModel.D3.CertData.S.S465 FrogModel.D3.CertData.S.S466
ok 1 s, peak 0.8 GiB: FrogModel.D3.CertData.S.S467 FrogModel.D3.CertData.S.S468
ok 1 s, peak 0.8 GiB: FrogModel.D3.CertData.S.S469 FrogModel.D3.CertData.S.S470
ok 1 s, peak 0.8 GiB: FrogModel.D3.CertData.S.S471 FrogModel.D3.CertData.S.S472
ok 1 s, peak 0.8 GiB: FrogModel.D3.CertData.S.S473 FrogModel.D3.CertData.S.S474
ok 1 s, peak 0.8 GiB: FrogModel.D3.CertData.S.S475 FrogModel.D3.CertData.S.S476
ok 1 s, peak 0.8 GiB: FrogModel.D3.CertData.S.S477 FrogModel.D3.CertData.S.S478
ok 1 s, peak 0.8 GiB: FrogModel.D3.CertData.S.S479 FrogModel.D3.CertData.S.S480
ok 0 s, peak 0.8 GiB: FrogModel.D3.CertData.S.S481 FrogModel.D3.CertData.S.S482
ok 0 s, peak 0.8 GiB: FrogModel.D3.CertData.S.S483 FrogModel.D3.CertData.S.S484
ok 1 s, peak 0.8 GiB: FrogModel.D3.CertData.S.S485 FrogModel.D3.CertData.S.S486
ok 1 s, peak 0.8 GiB: FrogModel.D3.CertData.S.S487 FrogModel.D3.CertData.S.S488
ok 1 s, peak 0.8 GiB: FrogModel.D3.CertData.S.S489 FrogModel.D3.CertData.S.S490
ok 0 s, peak 0.8 GiB: FrogModel.D3.CertData.S.S491 FrogModel.D3.CertData.S.S492
ok 1 s, peak 0.8 GiB: FrogModel.D3.CertData.S.S493 FrogModel.D3.CertData.S.S494
ok 1 s, peak 0.8 GiB: FrogModel.D3.CertData.S.S495 FrogModel.D3.CertData.S.S496
ok 1 s, peak 0.8 GiB: FrogModel.D3.CertData.S.S497 FrogModel.D3.CertData.S.S498
ok 1 s, peak 0.8 GiB: FrogModel.D3.CertData.S.S499 FrogModel.D3.CertData.S.S500
ok 1 s, peak 0.8 GiB: FrogModel.D3.CertData.S.S501 FrogModel.D3.CertData.S.S502
ok 1 s, peak 0.8 GiB: FrogModel.D3.CertData.S.S503 FrogModel.D3.CertData.S.S504
ok 1 s, peak 0.8 GiB: FrogModel.D3.CertData.S.S505 FrogModel.D3.CertData.S.S506
ok 0 s, peak 0.8 GiB: FrogModel.D3.CertData.S.S507 FrogModel.D3.CertData.S.S508
ok 1 s, peak 0.8 GiB: FrogModel.D3.CertData.S.S509 FrogModel.D3.CertData.S.S510
ok 1 s, peak 0.8 GiB: FrogModel.D3.CertData.S.S511 FrogModel.D3.CertData.S.S512
ok 1 s, peak 0.8 GiB: FrogModel.D3.CertData.S.S513 FrogModel.D3.CertData.S.S514
ok 1 s, peak 0.8 GiB: FrogModel.D3.CertData.S.S515 FrogModel.D3.CertData.S.S516
ok 1 s, peak 0.8 GiB: FrogModel.D3.CertData.S.S517 FrogModel.D3.CertData.S.S518
ok 1 s, peak 0.8 GiB: FrogModel.D3.CertData.S.S519 FrogModel.D3.CertData.S.S520
ok 1 s, peak 0.8 GiB: FrogModel.D3.CertData.S.S521 FrogModel.D3.CertData.S.S522
ok 1 s, peak 0.8 GiB: FrogModel.D3.CertData.S.S523 FrogModel.D3.CertData.S.S524
ok 1 s, peak 0.8 GiB: FrogModel.D3.CertData.S.S525 FrogModel.D3.CertData.S.S526
ok 0 s, peak 0.8 GiB: FrogModel.D3.CertData.S.S527 FrogModel.D3.CertData.S.S528
ok 1 s, peak 0.8 GiB: FrogModel.D3.CertData.S.S529 FrogModel.D3.CertData.S.S530
ok 1 s, peak 0.8 GiB: FrogModel.D3.CertData.S.S531 FrogModel.D3.CertData.S.S532
ok 1 s, peak 0.8 GiB: FrogModel.D3.CertData.S.S533 FrogModel.D3.CertData.S.S534
ok 1 s, peak 0.8 GiB: FrogModel.D3.CertData.S.S535 FrogModel.D3.CertData.S.S536
ok 1 s, peak 0.8 GiB: FrogModel.D3.CertData.S.S537 FrogModel.D3.CertData.S.S538
ok 1 s, peak 0.8 GiB: FrogModel.D3.CertData.S.S539 FrogModel.D3.CertData.S.S540
ok 0 s, peak 0.8 GiB: FrogModel.D3.CertData.S.S541 FrogModel.D3.CertData.S.S542
ok 1 s, peak 0.8 GiB: FrogModel.D3.CertData.S.S543 FrogModel.D3.CertData.S.S544
ok 1 s, peak 0.8 GiB: FrogModel.D3.CertData.S.S545 FrogModel.D3.CertData.S.S546
ok 1 s, peak 0.8 GiB: FrogModel.D3.CertData.S.S547 FrogModel.D3.CertData.S.S548
ok 1 s, peak 0.8 GiB: FrogModel.D3.CertData.S.S549 FrogModel.D3.CertData.S.S550
ok 1 s, peak 0.8 GiB: FrogModel.D3.CertData.S.S551 FrogModel.D3.CertData.S.S552
ok 0 s, peak 0.8 GiB: FrogModel.D3.CertData.S.S553 FrogModel.D3.CertData.S.S554
ok 1 s, peak 0.8 GiB: FrogModel.D3.CertData.S.S555 FrogModel.D3.CertData.S.S556
ok 1 s, peak 0.8 GiB: FrogModel.D3.CertData.S.S557 FrogModel.D3.CertData.S.S558
ok 1 s, peak 0.8 GiB: FrogModel.D3.CertData.S.S559 FrogModel.D3.CertData.S.S560
ok 1 s, peak 0.8 GiB: FrogModel.D3.CertData.S.S561 FrogModel.D3.CertData.S.S562
ok 1 s, peak 0.8 GiB: FrogModel.D3.CertData.S.S563 FrogModel.D3.CertData.S.S564
ok 0 s, peak 0.8 GiB: FrogModel.D3.CertData.S.S565 FrogModel.D3.CertData.S.S566
ok 0 s, peak 0.8 GiB: FrogModel.D3.CertData.S.S567 FrogModel.D3.CertData.S.S568
ok 1 s, peak 0.8 GiB: FrogModel.D3.CertData.S.S569 FrogModel.D3.CertData.S.S570
ok 1 s, peak 0.8 GiB: FrogModel.D3.CertData.S.S571 FrogModel.D3.CertData.S.S572
ok 1 s, peak 0.8 GiB: FrogModel.D3.CertData.S.S573 FrogModel.D3.CertData.S.S574
ok 1 s, peak 0.8 GiB: FrogModel.D3.CertData.S.S575 FrogModel.D3.CertData.S.S576
ok 1 s, peak 0.8 GiB: FrogModel.D3.CertData.S.S577 FrogModel.D3.CertData.S.S578
ok 0 s, peak 0.8 GiB: FrogModel.D3.CertData.S.S579 FrogModel.D3.CertData.S.S580
ok 1 s, peak 0.8 GiB: FrogModel.D3.CertData.S.S581 FrogModel.D3.CertData.S.S582
ok 1 s, peak 0.8 GiB: FrogModel.D3.CertData.S.S583 FrogModel.D3.CertData.S.S584
ok 1 s, peak 0.8 GiB: FrogModel.D3.CertData.S.S585 FrogModel.D3.CertData.S.S586
ok 1 s, peak 0.8 GiB: FrogModel.D3.CertData.S.S587 FrogModel.D3.CertData.S.S588
ok 1 s, peak 0.8 GiB: FrogModel.D3.CertData.S.S589 FrogModel.D3.CertData.S.S590
ok 1 s, peak 0.8 GiB: FrogModel.D3.CertData.S.S591 FrogModel.D3.CertData.S.S592
ok 1 s, peak 0.8 GiB: FrogModel.D3.CertData.S.S593 FrogModel.D3.CertData.S.S594
ok 1 s, peak 0.8 GiB: FrogModel.D3.CertData.S.S595 FrogModel.D3.CertData.S.S596
ok 1 s, peak 0.8 GiB: FrogModel.D3.CertData.S.S597 FrogModel.D3.CertData.S.S598
ok 1 s, peak 0.8 GiB: FrogModel.D3.CertData.S.S599 FrogModel.D3.CertData.S.S600
ok 1 s, peak 0.8 GiB: FrogModel.D3.CertData.S.S601 FrogModel.D3.CertData.S.S602
ok 1 s, peak 0.8 GiB: FrogModel.D3.CertData.S.S603 FrogModel.D3.CertData.S.S604
ok 1 s, peak 0.8 GiB: FrogModel.D3.CertData.S.S605 FrogModel.D3.CertData.S.T
ok 1 s, peak 0.8 GiB: FrogModel.D3.CertData.S.X600 FrogModel.D3.LaneD.K.Basic
ok 12 s, peak 0.9 GiB: FrogModel.Defs FrogModel.G3K.Basic
ok 5 s, peak 1.0 GiB: FrogModel.Lanes.Defs FrogModel.LemmaR.Tools
ok 6 s, peak 0.9 GiB: FrogModel.LemmaX.Defs FrogModel.LemmaX.LData
ok 5 s, peak 0.9 GiB: FrogModel.LemmaX.PlanData FrogModel.Lemmas.Defs
ok 5 s, peak 0.9 GiB: FrogModel.LinSys.Defs FrogModel.Pool.Statement
ok 1 s, peak 0.8 GiB: FrogModel.D3.M1K.Check
ok 4 s, peak 0.9 GiB: FrogModel.Cert.Sound FrogModel.Cert.Cheap
ok 1 s, peak 0.8 GiB: FrogModel.D3.LaneD.K.SLaws FrogModel.D3.LaneD.K.Conv
ok 1 s, peak 0.8 GiB: FrogModel.D3.M1Data.Top FrogModel.D3.M1Data.H9
ok 0 s, peak 0.8 GiB: FrogModel.D3.M1Data.H8 FrogModel.D3.M1Data.H7
ok 1 s, peak 0.8 GiB: FrogModel.D3.M1Data.H6 FrogModel.D3.M1Data.H5
ok 1 s, peak 0.8 GiB: FrogModel.D3.M1Data.H4 FrogModel.D3.M1Data.H3
ok 1 s, peak 0.8 GiB: FrogModel.D3.M1Data.H2 FrogModel.D3.M1Data.H1
ok 16 s, peak 2.8 GiB: FrogModel.D3.M1Data.H0 FrogModel.LemmaR.Statement
ok 8 s, peak 0.9 GiB: FrogModel.D3.Defs FrogModel.G3K.Table
ok 7 s, peak 1.0 GiB: FrogModel.Lanes.Basic FrogModel.LemmaX.Psi
ok 5 s, peak 0.9 GiB: FrogModel.Pieces.Defs FrogModel.Lemmas.Quantile
ok 4 s, peak 1.0 GiB: FrogModel.Lemmas.Basic FrogModel.LinSys.Basic
ok 6 s, peak 0.9 GiB: FrogModel.Engine.Defs FrogModel.Pool.Defs
ok 1 s, peak 0.8 GiB: FrogModel.D3.M1Data.CTop FrogModel.D3.M1Data.C9
ok 1 s, peak 0.8 GiB: FrogModel.D3.M1Data.C8 FrogModel.D3.M1Data.C7
ok 1 s, peak 0.8 GiB: FrogModel.D3.M1Data.C6 FrogModel.D3.M1Data.C5
ok 1 s, peak 0.8 GiB: FrogModel.D3.M1Data.C4 FrogModel.D3.M1Data.C3
ok 1 s, peak 0.8 GiB: FrogModel.D3.M1Data.C2 FrogModel.D3.M1Data.Data
ok 0 s, peak 0.8 GiB: FrogModel.D3.M1Data.C1 FrogModel.D3.M1Data.C0
ok 4 s, peak 0.9 GiB: FrogModel.G3K.Spec FrogModel.D3.M1K.Pack
ok 5 s, peak 1.0 GiB: FrogModel.Recursion.Process FrogModel.ZeroOne.Statement
ok 4 s, peak 0.9 GiB: FrogModel.ZeroOne.Defs FrogModel.LemmaX.KillDefs
ok 4 s, peak 0.9 GiB: FrogModel.LemmaR.Planted.Statement FrogModel.Pieces.Basic
ok 4 s, peak 0.9 GiB: FrogModel.Lemmas.Refresh FrogModel.Engine.DomDefs
ok 4 s, peak 0.9 GiB: FrogModel.Engine.Core FrogModel.D3.M1L.Defs
ok 4 s, peak 0.9 GiB: FrogModel.Pool.Read
ok 0 s, peak 0.8 GiB: FrogModel.D3.LaneD.K.Check
ok 1 s, peak 0.8 GiB: FrogModel.D3.LaneD.K.Single FrogModel.D3.M1Data.All
ok 4 s, peak 0.9 GiB: FrogModel.G3K.Fast FrogModel.Engine.G3Lanes
ok 3 s, peak 1.0 GiB: FrogModel.D3.M1K.Row FrogModel.LemmaX.Statement
ok 4 s, peak 0.9 GiB: FrogModel.LemmaX.ClaimADefs FrogModel.LemmaR.Planted.Defs
ok 4 s, peak 0.9 GiB: FrogModel.D3.Interfaces.Model FrogModel.ZeroOne.Walk
ok 3 s, peak 0.9 GiB: FrogModel.Pieces.Glue FrogModel.LemmaX.Kill
ok 4 s, peak 0.9 GiB: FrogModel.ZeroOne.Levy FrogModel.Pieces.Stage
ok 3 s, peak 0.9 GiB: FrogModel.Engine.Redirect FrogModel.Engine.FK
ok 3 s, peak 0.9 GiB: FrogModel.Engine.Exact FrogModel.D3.M1L.Planted
ok 4 s, peak 0.9 GiB: FrogModel.Pool.Step FrogModel.D3.LaneD.K.Seed
ok 0 s, peak 0.8 GiB: FrogModel.D3.LaneD.K.Ext FrogModel.D3.LaneD.K.Cover
ok 1 s, peak 0.8 GiB: FrogModel.G3Q.Cand.D99 FrogModel.G3Q.Cand.D98
ok 1 s, peak 0.8 GiB: FrogModel.G3Q.Cand.D97 FrogModel.G3Q.Cand.D96
ok 1 s, peak 0.8 GiB: FrogModel.G3Q.Cand.D95 FrogModel.G3Q.Cand.D94
ok 0 s, peak 0.8 GiB: FrogModel.G3Q.Cand.D93 FrogModel.G3Q.Cand.D92
ok 1 s, peak 0.8 GiB: FrogModel.G3Q.Cand.D91 FrogModel.G3Q.Cand.D90
ok 1 s, peak 0.8 GiB: FrogModel.G3Q.Cand.D9 FrogModel.G3Q.Cand.D89
ok 1 s, peak 0.8 GiB: FrogModel.G3Q.Cand.D88 FrogModel.G3Q.Cand.D87
ok 0 s, peak 0.8 GiB: FrogModel.G3Q.Cand.D86 FrogModel.G3Q.Cand.D85
ok 0 s, peak 0.8 GiB: FrogModel.G3Q.Cand.D84 FrogModel.G3Q.Cand.D83
ok 1 s, peak 0.8 GiB: FrogModel.G3Q.Cand.D82 FrogModel.G3Q.Cand.D81
ok 1 s, peak 0.8 GiB: FrogModel.G3Q.Cand.D80 FrogModel.G3Q.Cand.D8
ok 0 s, peak 0.8 GiB: FrogModel.G3Q.Cand.D79 FrogModel.G3Q.Cand.D78
ok 1 s, peak 0.8 GiB: FrogModel.G3Q.Cand.D77 FrogModel.G3Q.Cand.D76
ok 1 s, peak 0.8 GiB: FrogModel.G3Q.Cand.D75 FrogModel.G3Q.Cand.D74
ok 0 s, peak 0.8 GiB: FrogModel.G3Q.Cand.D73 FrogModel.G3Q.Cand.D72
ok 1 s, peak 0.8 GiB: FrogModel.G3Q.Cand.D71 FrogModel.G3Q.Cand.D70
ok 1 s, peak 0.8 GiB: FrogModel.G3Q.Cand.D7 FrogModel.G3Q.Cand.D69
ok 1 s, peak 0.8 GiB: FrogModel.G3Q.Cand.D68 FrogModel.G3Q.Cand.D67
ok 0 s, peak 0.8 GiB: FrogModel.G3Q.Cand.D66 FrogModel.G3Q.Cand.D65
ok 1 s, peak 0.8 GiB: FrogModel.G3Q.Cand.D64 FrogModel.G3Q.Cand.D63
ok 1 s, peak 0.8 GiB: FrogModel.G3Q.Cand.D62 FrogModel.G3Q.Cand.D61
ok 1 s, peak 0.8 GiB: FrogModel.G3Q.Cand.D60 FrogModel.G3Q.Cand.D6
ok 0 s, peak 0.8 GiB: FrogModel.G3Q.Cand.D59 FrogModel.G3Q.Cand.D58
ok 1 s, peak 0.8 GiB: FrogModel.G3Q.Cand.D57 FrogModel.G3Q.Cand.D56
ok 1 s, peak 0.8 GiB: FrogModel.G3Q.Cand.D55 FrogModel.G3Q.Cand.D54
ok 0 s, peak 0.8 GiB: FrogModel.G3Q.Cand.D53 FrogModel.G3Q.Cand.D52
ok 1 s, peak 0.8 GiB: FrogModel.G3Q.Cand.D51 FrogModel.G3Q.Cand.D50
ok 1 s, peak 0.8 GiB: FrogModel.G3Q.Cand.D5 FrogModel.G3Q.Cand.D49
ok 0 s, peak 0.8 GiB: FrogModel.G3Q.Cand.D48 FrogModel.G3Q.Cand.D47
ok 1 s, peak 0.8 GiB: FrogModel.G3Q.Cand.D46 FrogModel.G3Q.Cand.D45
ok 1 s, peak 0.8 GiB: FrogModel.G3Q.Cand.D44 FrogModel.G3Q.Cand.D43
ok 0 s, peak 0.8 GiB: FrogModel.G3Q.Cand.D42 FrogModel.G3Q.Cand.D41
ok 1 s, peak 0.8 GiB: FrogModel.G3Q.Cand.D40 FrogModel.G3Q.Cand.D4
ok 1 s, peak 0.8 GiB: FrogModel.G3Q.Cand.D39 FrogModel.G3Q.Cand.D38
ok 0 s, peak 0.8 GiB: FrogModel.G3Q.Cand.D37 FrogModel.G3Q.Cand.D36
ok 1 s, peak 0.8 GiB: FrogModel.G3Q.Cand.D35 FrogModel.G3Q.Cand.D34
ok 1 s, peak 0.8 GiB: FrogModel.G3Q.Cand.D33 FrogModel.G3Q.Cand.D32
ok 1 s, peak 0.8 GiB: FrogModel.G3Q.Cand.D31 FrogModel.G3Q.Cand.D30
ok 0 s, peak 0.8 GiB: FrogModel.G3Q.Cand.D3 FrogModel.G3Q.Cand.D29
ok 1 s, peak 0.8 GiB: FrogModel.G3Q.Cand.D28 FrogModel.G3Q.Cand.D27
ok 1 s, peak 0.8 GiB: FrogModel.G3Q.Cand.D26 FrogModel.G3Q.Cand.D25
ok 0 s, peak 0.8 GiB: FrogModel.G3Q.Cand.D24 FrogModel.G3Q.Cand.D23
ok 1 s, peak 0.8 GiB: FrogModel.G3Q.Cand.D22 FrogModel.G3Q.Cand.D21
ok 1 s, peak 0.8 GiB: FrogModel.G3Q.Cand.D20 FrogModel.G3Q.Cand.D2
ok 1 s, peak 0.8 GiB: FrogModel.G3Q.Cand.D19 FrogModel.G3Q.Cand.D18
ok 0 s, peak 0.8 GiB: FrogModel.G3Q.Cand.D17 FrogModel.G3Q.Cand.D16
ok 1 s, peak 0.8 GiB: FrogModel.G3Q.Cand.D15 FrogModel.G3Q.Cand.D144
ok 1 s, peak 0.8 GiB: FrogModel.G3Q.Cand.D143 FrogModel.G3Q.Cand.D142
ok 0 s, peak 0.8 GiB: FrogModel.G3Q.Cand.D141 FrogModel.G3Q.Cand.D140
ok 1 s, peak 0.8 GiB: FrogModel.G3Q.Cand.D14 FrogModel.G3Q.Cand.D139
ok 1 s, peak 0.8 GiB: FrogModel.G3Q.Cand.D138 FrogModel.G3Q.Cand.D137
ok 0 s, peak 0.8 GiB: FrogModel.G3Q.Cand.D136 FrogModel.G3Q.Cand.D135
ok 1 s, peak 0.8 GiB: FrogModel.G3Q.Cand.D134 FrogModel.G3Q.Cand.D133
ok 0 s, peak 0.8 GiB: FrogModel.G3Q.Cand.D132 FrogModel.G3Q.Cand.D131
ok 1 s, peak 0.8 GiB: FrogModel.G3Q.Cand.D130 FrogModel.G3Q.Cand.D13
ok 1 s, peak 0.8 GiB: FrogModel.G3Q.Cand.D129 FrogModel.G3Q.Cand.D128
ok 0 s, peak 0.8 GiB: FrogModel.G3Q.Cand.D127 FrogModel.G3Q.Cand.D126
ok 1 s, peak 0.8 GiB: FrogModel.G3Q.Cand.D125 FrogModel.G3Q.Cand.D124
ok 0 s, peak 0.8 GiB: FrogModel.G3Q.Cand.D123 FrogModel.G3Q.Cand.D122
ok 1 s, peak 0.8 GiB: FrogModel.G3Q.Cand.D121 FrogModel.G3Q.Cand.D120
ok 1 s, peak 0.8 GiB: FrogModel.G3Q.Cand.D12 FrogModel.G3Q.Cand.D119
ok 0 s, peak 0.8 GiB: FrogModel.G3Q.Cand.D118 FrogModel.G3Q.Cand.D117
ok 1 s, peak 0.8 GiB: FrogModel.G3Q.Cand.D116 FrogModel.G3Q.Cand.D115
ok 0 s, peak 0.8 GiB: FrogModel.G3Q.Cand.D114 FrogModel.G3Q.Cand.D113
ok 1 s, peak 0.8 GiB: FrogModel.G3Q.Cand.D112 FrogModel.G3Q.Cand.D111
ok 1 s, peak 0.8 GiB: FrogModel.G3Q.Cand.D110 FrogModel.G3Q.Cand.D11
ok 0 s, peak 0.8 GiB: FrogModel.G3Q.Cand.D109 FrogModel.G3Q.Cand.D108
ok 1 s, peak 0.8 GiB: FrogModel.G3Q.Cand.D107 FrogModel.G3Q.Cand.D106
ok 1 s, peak 0.8 GiB: FrogModel.G3Q.Cand.D105 FrogModel.G3Q.Cand.D104
ok 0 s, peak 0.8 GiB: FrogModel.G3Q.Cand.D103 FrogModel.G3Q.Cand.D102
ok 1 s, peak 0.8 GiB: FrogModel.G3Q.Cand.D101 FrogModel.G3Q.Cand.D100
ok 1 s, peak 0.8 GiB: FrogModel.G3Q.Cand.D10 FrogModel.G3Q.Cand.D1
ok 0 s, peak 0.8 GiB: FrogModel.G3Q.Cand.D0 FrogModel.G3K.Equiv
ok 4 s, peak 0.9 GiB: FrogModel.D3.M1K.Solve FrogModel.Recursion.Statement
ok 7 s, peak 2.9 GiB: FrogModel.LemmaR.Planted.Paths FrogModel.D3.LaneA.Pool.Bridge
ok 3 s, peak 0.9 GiB: FrogModel.D3.Interfaces.Closure FrogModel.ZeroOne.Glue
ok 4 s, peak 1.0 GiB: FrogModel.LemmaR.Defs FrogModel.LemmaX.Main
ok 4 s, peak 1.0 GiB: FrogModel.TheoremA FrogModel.Recursion.Closure
ok 4 s, peak 1.0 GiB: FrogModel.Engine.Absorb FrogModel.Pool.Main
ok 1 s, peak 0.8 GiB: FrogModel.D3.CertData.Seed FrogModel.D3.CertData.Ext
ok 4 s, peak 0.8 GiB: FrogModel.D3.Chain.Basic FrogModel.G3Q.Cand.Data
ok 5 s, peak 0.9 GiB: FrogModel.D3.M1K.Event FrogModel.LemmaX.LawDefs
ok 7 s, peak 2.9 GiB: FrogModel.D3.LaneB.Words FrogModel.D3.LaneB.Tails
ok 10 s, peak 3.0 GiB: FrogModel.D3.LaneB.Sampling FrogModel.D3.LaneB.Measurability
ok 8 s, peak 2.9 GiB: FrogModel.D3.LaneB.Lemma17 FrogModel.D3.LaneB.Counts
ok 11 s, peak 3.0 GiB: FrogModel.D3.LaneB.Concentration FrogModel.D3.LaneB.Coins
ok 8 s, peak 2.9 GiB: FrogModel.D3.LaneB.ClosureFacts FrogModel.D3.LaneB.ClosLaw
ok 3 s, peak 1.0 GiB: FrogModel.D3.Interfaces.Step FrogModel.D3.Interfaces.DPrime
ok 4 s, peak 0.9 GiB: FrogModel.ZeroOne.Main FrogModel.LemmaR.Walk
ok 3 s, peak 0.9 GiB: FrogModel.Recursion.LawGen FrogModel.Recursion.Glue
ok 3 s, peak 0.9 GiB: FrogModel.Engine.Pools FrogModel.D3.CertData.LeT
ok 1 s, peak 0.8 GiB: FrogModel.D3.CertData.L.L599 FrogModel.D3.CertData.L.L598
ok 0 s, peak 0.8 GiB: FrogModel.D3.CertData.L.L597 FrogModel.D3.CertData.L.L596
ok 1 s, peak 0.8 GiB: FrogModel.D3.CertData.L.L595 FrogModel.D3.CertData.L.L594
ok 1 s, peak 0.8 GiB: FrogModel.D3.CertData.L.L593 FrogModel.D3.CertData.L.L592
ok 1 s, peak 0.8 GiB: FrogModel.D3.CertData.L.L591 FrogModel.D3.CertData.L.L590
ok 0 s, peak 0.8 GiB: FrogModel.D3.CertData.L.L589 FrogModel.D3.CertData.L.L588
ok 1 s, peak 0.8 GiB: FrogModel.D3.CertData.L.L587 FrogModel.D3.CertData.L.L586
ok 0 s, peak 0.8 GiB: FrogModel.D3.CertData.L.L585 FrogModel.D3.CertData.L.L584
ok 1 s, peak 0.8 GiB: FrogModel.D3.CertData.L.L583 FrogModel.D3.CertData.L.L582
ok 1 s, peak 0.8 GiB: FrogModel.D3.CertData.L.L581 FrogModel.D3.CertData.L.L580
ok 0 s, peak 0.8 GiB: FrogModel.D3.CertData.L.L579 FrogModel.D3.CertData.L.L578
ok 1 s, peak 0.8 GiB: FrogModel.D3.CertData.L.L577 FrogModel.D3.CertData.L.L576
ok 0 s, peak 0.8 GiB: FrogModel.D3.CertData.L.L575 FrogModel.D3.CertData.L.L574
ok 1 s, peak 0.8 GiB: FrogModel.D3.CertData.L.L573 FrogModel.D3.CertData.L.L572
ok 1 s, peak 0.8 GiB: FrogModel.D3.CertData.L.L571 FrogModel.D3.CertData.L.L570
ok 0 s, peak 0.8 GiB: FrogModel.D3.CertData.L.L569 FrogModel.D3.CertData.L.L568
ok 1 s, peak 0.8 GiB: FrogModel.D3.CertData.L.L567 FrogModel.D3.CertData.L.L566
ok 1 s, peak 0.8 GiB: FrogModel.D3.CertData.L.L565 FrogModel.D3.CertData.L.L564
ok 0 s, peak 0.8 GiB: FrogModel.D3.CertData.L.L563 FrogModel.D3.CertData.L.L562
ok 1 s, peak 0.8 GiB: FrogModel.D3.CertData.L.L561 FrogModel.D3.CertData.L.L560
ok 1 s, peak 0.8 GiB: FrogModel.D3.CertData.L.L559 FrogModel.D3.CertData.L.L558
ok 0 s, peak 0.8 GiB: FrogModel.D3.CertData.L.L557 FrogModel.D3.CertData.L.L556
ok 1 s, peak 0.8 GiB: FrogModel.D3.CertData.L.L555 FrogModel.D3.CertData.L.L554
ok 1 s, peak 0.8 GiB: FrogModel.D3.CertData.L.L553 FrogModel.D3.CertData.L.L552
ok 0 s, peak 0.8 GiB: FrogModel.D3.CertData.L.L551 FrogModel.D3.CertData.L.L550
ok 1 s, peak 0.8 GiB: FrogModel.D3.CertData.L.L549 FrogModel.D3.CertData.L.L548
ok 0 s, peak 0.8 GiB: FrogModel.D3.CertData.L.L547 FrogModel.D3.CertData.L.L546
ok 1 s, peak 0.8 GiB: FrogModel.D3.CertData.L.L545 FrogModel.D3.CertData.L.L544
ok 1 s, peak 0.8 GiB: FrogModel.D3.CertData.L.L543 FrogModel.D3.CertData.L.L542
ok 1 s, peak 0.8 GiB: FrogModel.D3.CertData.L.L541 FrogModel.D3.CertData.L.L540
ok 0 s, peak 0.8 GiB: FrogModel.D3.CertData.L.L539 FrogModel.D3.CertData.L.L538
ok 1 s, peak 0.8 GiB: FrogModel.D3.CertData.L.L537 FrogModel.D3.CertData.L.L536
ok 1 s, peak 0.8 GiB: FrogModel.D3.CertData.L.L535 FrogModel.D3.CertData.L.L534
ok 0 s, peak 0.8 GiB: FrogModel.D3.CertData.L.L533 FrogModel.D3.CertData.L.L532
ok 1 s, peak 0.8 GiB: FrogModel.D3.CertData.L.L531 FrogModel.D3.CertData.L.L530
ok 1 s, peak 0.8 GiB: FrogModel.D3.CertData.L.L529 FrogModel.D3.CertData.L.L528
ok 0 s, peak 0.8 GiB: FrogModel.D3.CertData.L.L527 FrogModel.D3.CertData.L.L526
ok 1 s, peak 0.8 GiB: FrogModel.D3.CertData.L.L525 FrogModel.D3.CertData.L.L524
ok 1 s, peak 0.8 GiB: FrogModel.D3.CertData.L.L523 FrogModel.D3.CertData.L.L522
ok 1 s, peak 0.8 GiB: FrogModel.D3.CertData.L.L521 FrogModel.D3.CertData.L.L520
ok 0 s, peak 0.8 GiB: FrogModel.D3.CertData.L.L519 FrogModel.D3.CertData.L.L518
ok 1 s, peak 0.8 GiB: FrogModel.D3.CertData.L.L517 FrogModel.D3.CertData.L.L516
ok 1 s, peak 0.8 GiB: FrogModel.D3.CertData.L.L515 FrogModel.D3.CertData.L.L514
ok 0 s, peak 0.8 GiB: FrogModel.D3.CertData.L.L513 FrogModel.D3.CertData.L.L512
ok 1 s, peak 0.8 GiB: FrogModel.D3.CertData.L.L511 FrogModel.D3.CertData.L.L510
ok 0 s, peak 0.8 GiB: FrogModel.D3.CertData.L.L509 FrogModel.D3.CertData.L.L508
ok 0 s, peak 0.8 GiB: FrogModel.D3.CertData.L.L507 FrogModel.D3.CertData.L.L506
ok 1 s, peak 0.8 GiB: FrogModel.D3.CertData.L.L505 FrogModel.D3.CertData.L.L504
ok 1 s, peak 0.8 GiB: FrogModel.D3.CertData.L.L503 FrogModel.D3.CertData.L.L502
ok 0 s, peak 0.8 GiB: FrogModel.D3.CertData.L.L501 FrogModel.D3.CertData.L.L500
ok 1 s, peak 0.8 GiB: FrogModel.D3.CertData.L.L499 FrogModel.D3.CertData.L.L498
ok 0 s, peak 0.8 GiB: FrogModel.D3.CertData.L.L497 FrogModel.D3.CertData.L.L496
ok 1 s, peak 0.8 GiB: FrogModel.D3.CertData.L.L495 FrogModel.D3.CertData.L.L494
ok 1 s, peak 0.8 GiB: FrogModel.D3.CertData.L.L493 FrogModel.D3.CertData.L.L492
ok 0 s, peak 0.8 GiB: FrogModel.D3.CertData.L.L491 FrogModel.D3.CertData.L.L490
ok 1 s, peak 0.8 GiB: FrogModel.D3.CertData.L.L489 FrogModel.D3.CertData.L.L488
ok 0 s, peak 0.8 GiB: FrogModel.D3.CertData.L.L487 FrogModel.D3.CertData.L.L486
ok 1 s, peak 0.8 GiB: FrogModel.D3.CertData.L.L485 FrogModel.D3.CertData.L.L484
ok 1 s, peak 0.8 GiB: FrogModel.D3.CertData.L.L483 FrogModel.D3.CertData.L.L482
ok 0 s, peak 0.8 GiB: FrogModel.D3.CertData.L.L481 FrogModel.D3.CertData.L.L480
ok 1 s, peak 0.8 GiB: FrogModel.D3.CertData.L.L479 FrogModel.D3.CertData.L.L478
ok 1 s, peak 0.8 GiB: FrogModel.D3.CertData.L.L477 FrogModel.D3.CertData.L.L476
ok 0 s, peak 0.8 GiB: FrogModel.D3.CertData.L.L475 FrogModel.D3.CertData.L.L474
ok 1 s, peak 0.8 GiB: FrogModel.D3.CertData.L.L473 FrogModel.D3.CertData.L.L472
ok 1 s, peak 0.8 GiB: FrogModel.D3.CertData.L.L471 FrogModel.D3.CertData.L.L470
ok 0 s, peak 0.8 GiB: FrogModel.D3.CertData.L.L469 FrogModel.D3.CertData.L.L468
ok 1 s, peak 0.8 GiB: FrogModel.D3.CertData.L.L467 FrogModel.D3.CertData.L.L466
ok 0 s, peak 0.8 GiB: FrogModel.D3.CertData.L.L465 FrogModel.D3.CertData.L.L464
ok 0 s, peak 0.8 GiB: FrogModel.D3.CertData.L.L463 FrogModel.D3.CertData.L.L462
ok 1 s, peak 0.8 GiB: FrogModel.D3.CertData.L.L461 FrogModel.D3.CertData.L.L460
ok 0 s, peak 0.8 GiB: FrogModel.D3.CertData.L.L459 FrogModel.D3.CertData.L.L458
ok 1 s, peak 0.8 GiB: FrogModel.D3.CertData.L.L457 FrogModel.D3.CertData.L.L456
ok 1 s, peak 0.8 GiB: FrogModel.D3.CertData.L.L455 FrogModel.D3.CertData.L.L454
ok 0 s, peak 0.8 GiB: FrogModel.D3.CertData.L.L453 FrogModel.D3.CertData.L.L452
ok 1 s, peak 0.8 GiB: FrogModel.D3.CertData.L.L451 FrogModel.D3.CertData.L.L450
ok 0 s, peak 0.8 GiB: FrogModel.D3.CertData.L.L449 FrogModel.D3.CertData.L.L448
ok 1 s, peak 0.8 GiB: FrogModel.D3.CertData.L.L447 FrogModel.D3.CertData.L.L446
ok 1 s, peak 0.8 GiB: FrogModel.D3.CertData.L.L445 FrogModel.D3.CertData.L.L444
ok 0 s, peak 0.8 GiB: FrogModel.D3.CertData.L.L443 FrogModel.D3.CertData.L.L442
ok 1 s, peak 0.8 GiB: FrogModel.D3.CertData.L.L441 FrogModel.D3.CertData.L.L440
ok 1 s, peak 0.8 GiB: FrogModel.D3.CertData.L.L439 FrogModel.D3.CertData.L.L438
ok 0 s, peak 0.8 GiB: FrogModel.D3.CertData.L.L437 FrogModel.D3.CertData.L.L436
ok 1 s, peak 0.8 GiB: FrogModel.D3.CertData.L.L435 FrogModel.D3.CertData.L.L434
ok 1 s, peak 0.8 GiB: FrogModel.D3.CertData.L.L433 FrogModel.D3.CertData.L.L432
ok 0 s, peak 0.8 GiB: FrogModel.D3.CertData.L.L431 FrogModel.D3.CertData.L.L430
ok 1 s, peak 0.8 GiB: FrogModel.D3.CertData.L.L429 FrogModel.D3.CertData.L.L428
ok 0 s, peak 0.8 GiB: FrogModel.D3.CertData.L.L427 FrogModel.D3.CertData.L.L426
ok 1 s, peak 0.8 GiB: FrogModel.D3.CertData.L.L425 FrogModel.D3.CertData.L.L424
ok 1 s, peak 0.8 GiB: FrogModel.D3.CertData.L.L423 FrogModel.D3.CertData.L.L422
ok 0 s, peak 0.8 GiB: FrogModel.D3.CertData.L.L421 FrogModel.D3.CertData.L.L420
ok 1 s, peak 0.8 GiB: FrogModel.D3.CertData.L.L419 FrogModel.D3.CertData.L.L418
ok 0 s, peak 0.8 GiB: FrogModel.D3.CertData.L.L417 FrogModel.D3.CertData.L.L416
ok 1 s, peak 0.8 GiB: FrogModel.D3.CertData.L.L415 FrogModel.D3.CertData.L.L414
ok 1 s, peak 0.8 GiB: FrogModel.D3.CertData.L.L413 FrogModel.D3.CertData.L.L412
ok 0 s, peak 0.8 GiB: FrogModel.D3.CertData.L.L411 FrogModel.D3.CertData.L.L410
ok 1 s, peak 0.8 GiB: FrogModel.D3.CertData.L.L409 FrogModel.D3.CertData.L.L408
ok 0 s, peak 0.8 GiB: FrogModel.D3.CertData.L.L407 FrogModel.D3.CertData.L.L406
ok 1 s, peak 0.8 GiB: FrogModel.D3.CertData.L.L405 FrogModel.D3.CertData.L.L404
ok 1 s, peak 0.8 GiB: FrogModel.D3.CertData.L.L403 FrogModel.D3.CertData.L.L402
ok 0 s, peak 0.8 GiB: FrogModel.D3.CertData.L.L401 FrogModel.D3.CertData.L.L400
ok 1 s, peak 0.8 GiB: FrogModel.D3.CertData.L.L399 FrogModel.D3.CertData.L.L398
ok 0 s, peak 0.8 GiB: FrogModel.D3.CertData.L.L397 FrogModel.D3.CertData.L.L396
ok 1 s, peak 0.8 GiB: FrogModel.D3.CertData.L.L395 FrogModel.D3.CertData.L.L394
ok 1 s, peak 0.8 GiB: FrogModel.D3.CertData.L.L393 FrogModel.D3.CertData.L.L392
ok 0 s, peak 0.8 GiB: FrogModel.D3.CertData.L.L391 FrogModel.D3.CertData.L.L390
ok 1 s, peak 0.8 GiB: FrogModel.D3.CertData.L.L389 FrogModel.D3.CertData.L.L388
ok 0 s, peak 0.8 GiB: FrogModel.D3.CertData.L.L387 FrogModel.D3.CertData.L.L386
ok 1 s, peak 0.8 GiB: FrogModel.D3.CertData.L.L385 FrogModel.D3.CertData.L.L384
ok 0 s, peak 0.8 GiB: FrogModel.D3.CertData.L.L383 FrogModel.D3.CertData.L.L382
ok 1 s, peak 0.8 GiB: FrogModel.D3.CertData.L.L381 FrogModel.D3.CertData.L.L380
ok 1 s, peak 0.8 GiB: FrogModel.D3.CertData.L.L379 FrogModel.D3.CertData.L.L378
ok 0 s, peak 0.8 GiB: FrogModel.D3.CertData.L.L377 FrogModel.D3.CertData.L.L376
ok 1 s, peak 0.8 GiB: FrogModel.D3.CertData.L.L375 FrogModel.D3.CertData.L.L374
ok 1 s, peak 0.8 GiB: FrogModel.D3.CertData.L.L373 FrogModel.D3.CertData.L.L372
ok 1 s, peak 0.8 GiB: FrogModel.D3.CertData.L.L371 FrogModel.D3.CertData.L.L370
ok 0 s, peak 0.8 GiB: FrogModel.D3.CertData.L.L369 FrogModel.D3.CertData.L.L368
ok 1 s, peak 0.8 GiB: FrogModel.D3.CertData.L.L367 FrogModel.D3.CertData.L.L366
ok 1 s, peak 0.8 GiB: FrogModel.D3.CertData.L.L365 FrogModel.D3.CertData.L.L364
ok 0 s, peak 0.8 GiB: FrogModel.D3.CertData.L.L363 FrogModel.D3.CertData.L.L362
ok 1 s, peak 0.8 GiB: FrogModel.D3.CertData.L.L361 FrogModel.D3.CertData.L.L360
ok 1 s, peak 0.8 GiB: FrogModel.D3.CertData.L.L359 FrogModel.D3.CertData.L.L358
ok 0 s, peak 0.8 GiB: FrogModel.D3.CertData.L.L357 FrogModel.D3.CertData.L.L356
ok 1 s, peak 0.8 GiB: FrogModel.D3.CertData.L.L355 FrogModel.D3.CertData.L.L354
ok 1 s, peak 0.8 GiB: FrogModel.D3.CertData.L.L353 FrogModel.D3.CertData.L.L352
ok 0 s, peak 0.8 GiB: FrogModel.D3.CertData.L.L351 FrogModel.D3.CertData.L.L350
ok 1 s, peak 0.8 GiB: FrogModel.D3.CertData.L.L349 FrogModel.D3.CertData.L.L348
ok 1 s, peak 0.8 GiB: FrogModel.D3.CertData.L.L347 FrogModel.D3.CertData.L.L346
ok 0 s, peak 0.8 GiB: FrogModel.D3.CertData.L.L345 FrogModel.D3.CertData.L.L344
ok 1 s, peak 0.8 GiB: FrogModel.D3.CertData.L.L343 FrogModel.D3.CertData.L.L342
ok 0 s, peak 0.8 GiB: FrogModel.D3.CertData.L.L341 FrogModel.D3.CertData.L.L340
ok 1 s, peak 0.8 GiB: FrogModel.D3.CertData.L.L339 FrogModel.D3.CertData.L.L338
ok 1 s, peak 0.8 GiB: FrogModel.D3.CertData.L.L337 FrogModel.D3.CertData.L.L336
ok 0 s, peak 0.8 GiB: FrogModel.D3.CertData.L.L335 FrogModel.D3.CertData.L.L334
ok 1 s, peak 0.8 GiB: FrogModel.D3.CertData.L.L333 FrogModel.D3.CertData.L.L332
ok 0 s, peak 0.8 GiB: FrogModel.D3.CertData.L.L331 FrogModel.D3.CertData.L.L330
ok 1 s, peak 0.8 GiB: FrogModel.D3.CertData.L.L329 FrogModel.D3.CertData.L.L328
ok 0 s, peak 0.8 GiB: FrogModel.D3.CertData.L.L327 FrogModel.D3.CertData.L.L326
ok 1 s, peak 0.8 GiB: FrogModel.D3.CertData.L.L325 FrogModel.D3.CertData.L.L324
ok 1 s, peak 0.8 GiB: FrogModel.D3.CertData.L.L323 FrogModel.D3.CertData.L.L322
ok 0 s, peak 0.8 GiB: FrogModel.D3.CertData.L.L321 FrogModel.D3.CertData.L.L320
ok 1 s, peak 0.8 GiB: FrogModel.D3.CertData.L.L319 FrogModel.D3.CertData.L.L318
ok 0 s, peak 0.8 GiB: FrogModel.D3.CertData.L.L317 FrogModel.D3.CertData.L.L316
ok 1 s, peak 0.8 GiB: FrogModel.D3.CertData.L.L315 FrogModel.D3.CertData.L.L314
ok 1 s, peak 0.8 GiB: FrogModel.D3.CertData.L.L313 FrogModel.D3.CertData.L.L312
ok 0 s, peak 0.8 GiB: FrogModel.D3.CertData.L.L311 FrogModel.D3.CertData.L.L310
ok 1 s, peak 0.8 GiB: FrogModel.D3.CertData.L.L309 FrogModel.D3.CertData.L.L308
ok 0 s, peak 0.8 GiB: FrogModel.D3.CertData.L.L307 FrogModel.D3.CertData.L.L306
ok 0 s, peak 0.8 GiB: FrogModel.D3.CertData.L.L305 FrogModel.D3.CertData.L.L304
ok 1 s, peak 0.8 GiB: FrogModel.D3.CertData.L.L303 FrogModel.D3.CertData.L.L302
ok 0 s, peak 0.8 GiB: FrogModel.D3.CertData.L.L301 FrogModel.D3.CertData.L.L300
ok 1 s, peak 0.8 GiB: FrogModel.D3.CertData.L.L299 FrogModel.D3.CertData.L.L298
ok 1 s, peak 0.8 GiB: FrogModel.D3.CertData.L.L297 FrogModel.D3.CertData.L.L296
ok 0 s, peak 0.8 GiB: FrogModel.D3.CertData.L.L295 FrogModel.D3.CertData.L.L294
ok 1 s, peak 0.8 GiB: FrogModel.D3.CertData.L.L293 FrogModel.D3.CertData.L.L292
ok 0 s, peak 0.8 GiB: FrogModel.D3.CertData.L.L291 FrogModel.D3.CertData.L.L290
ok 1 s, peak 0.8 GiB: FrogModel.D3.CertData.L.L289 FrogModel.D3.CertData.L.L288
ok 0 s, peak 0.8 GiB: FrogModel.D3.CertData.L.L287 FrogModel.D3.CertData.L.L286
ok 1 s, peak 0.8 GiB: FrogModel.D3.CertData.L.L285 FrogModel.D3.CertData.L.L284
ok 1 s, peak 0.8 GiB: FrogModel.D3.CertData.L.L283 FrogModel.D3.CertData.L.L282
ok 0 s, peak 0.8 GiB: FrogModel.D3.CertData.L.L281 FrogModel.D3.CertData.L.L280
ok 1 s, peak 0.8 GiB: FrogModel.D3.CertData.L.L279 FrogModel.D3.CertData.L.L278
ok 0 s, peak 0.8 GiB: FrogModel.D3.CertData.L.L277 FrogModel.D3.CertData.L.L276
ok 0 s, peak 0.8 GiB: FrogModel.D3.CertData.L.L275 FrogModel.D3.CertData.L.L274
ok 1 s, peak 0.8 GiB: FrogModel.D3.CertData.L.L273 FrogModel.D3.CertData.L.L272
ok 0 s, peak 0.8 GiB: FrogModel.D3.CertData.L.L271 FrogModel.D3.CertData.L.L270
ok 1 s, peak 0.8 GiB: FrogModel.D3.CertData.L.L269 FrogModel.D3.CertData.L.L268
ok 0 s, peak 0.8 GiB: FrogModel.D3.CertData.L.L267 FrogModel.D3.CertData.L.L266
ok 1 s, peak 0.8 GiB: FrogModel.D3.CertData.L.L265 FrogModel.D3.CertData.L.L264
ok 1 s, peak 0.8 GiB: FrogModel.D3.CertData.L.L263 FrogModel.D3.CertData.L.L262
ok 0 s, peak 0.8 GiB: FrogModel.D3.CertData.L.L261 FrogModel.D3.CertData.L.L260
ok 1 s, peak 0.8 GiB: FrogModel.D3.CertData.L.L259 FrogModel.D3.CertData.L.L258
ok 0 s, peak 0.8 GiB: FrogModel.D3.CertData.L.L257 FrogModel.D3.CertData.L.L256
ok 1 s, peak 0.8 GiB: FrogModel.D3.CertData.L.L255 FrogModel.D3.CertData.L.L254
ok 1 s, peak 0.8 GiB: FrogModel.D3.CertData.L.L253 FrogModel.D3.CertData.L.L252
ok 0 s, peak 0.8 GiB: FrogModel.D3.CertData.L.L251 FrogModel.D3.CertData.L.L250
ok 1 s, peak 0.8 GiB: FrogModel.D3.CertData.L.L249 FrogModel.D3.CertData.L.L248
ok 0 s, peak 0.8 GiB: FrogModel.D3.CertData.L.L247 FrogModel.D3.CertData.L.L246
ok 0 s, peak 0.8 GiB: FrogModel.D3.CertData.L.L245 FrogModel.D3.CertData.L.L244
ok 1 s, peak 0.8 GiB: FrogModel.D3.CertData.L.L243 FrogModel.D3.CertData.L.L242
ok 0 s, peak 0.8 GiB: FrogModel.D3.CertData.L.L241 FrogModel.D3.CertData.L.L240
ok 1 s, peak 0.8 GiB: FrogModel.D3.CertData.L.L239 FrogModel.D3.CertData.L.L238
ok 0 s, peak 0.8 GiB: FrogModel.D3.CertData.L.L237 FrogModel.D3.CertData.L.L236
ok 1 s, peak 0.8 GiB: FrogModel.D3.CertData.L.L235 FrogModel.D3.CertData.L.L234
ok 1 s, peak 0.8 GiB: FrogModel.D3.CertData.L.L233 FrogModel.D3.CertData.L.L232
ok 0 s, peak 0.8 GiB: FrogModel.D3.CertData.L.L231 FrogModel.D3.CertData.L.L230
ok 1 s, peak 0.8 GiB: FrogModel.D3.CertData.L.L229 FrogModel.D3.CertData.L.L228
ok 0 s, peak 0.8 GiB: FrogModel.D3.CertData.L.L227 FrogModel.D3.CertData.L.L226
ok 1 s, peak 0.8 GiB: FrogModel.D3.CertData.L.L225 FrogModel.D3.CertData.L.L224
ok 1 s, peak 0.8 GiB: FrogModel.D3.CertData.L.L223 FrogModel.D3.CertData.L.L222
ok 0 s, peak 0.8 GiB: FrogModel.D3.CertData.L.L221 FrogModel.D3.CertData.L.L220
ok 1 s, peak 0.8 GiB: FrogModel.D3.CertData.L.L219 FrogModel.D3.CertData.L.L218
ok 1 s, peak 0.8 GiB: FrogModel.D3.CertData.L.L217 FrogModel.D3.CertData.L.L216
ok 0 s, peak 0.8 GiB: FrogModel.D3.CertData.L.L215 FrogModel.D3.CertData.L.L214
ok 1 s, peak 0.8 GiB: FrogModel.D3.CertData.L.L213 FrogModel.D3.CertData.L.L212
ok 0 s, peak 0.8 GiB: FrogModel.D3.CertData.L.L211 FrogModel.D3.CertData.L.L210
ok 1 s, peak 0.8 GiB: FrogModel.D3.CertData.L.L209 FrogModel.D3.CertData.L.L208
ok 1 s, peak 0.8 GiB: FrogModel.D3.CertData.L.L207 FrogModel.D3.CertData.L.L206
ok 0 s, peak 0.8 GiB: FrogModel.D3.CertData.L.L205 FrogModel.D3.CertData.L.L204
ok 1 s, peak 0.8 GiB: FrogModel.D3.CertData.L.L203 FrogModel.D3.CertData.L.L202
ok 0 s, peak 0.8 GiB: FrogModel.D3.CertData.L.L201 FrogModel.D3.CertData.L.L200
ok 1 s, peak 0.8 GiB: FrogModel.D3.CertData.L.L199 FrogModel.D3.CertData.L.L198
ok 1 s, peak 0.8 GiB: FrogModel.D3.CertData.L.L197 FrogModel.D3.CertData.L.L196
ok 0 s, peak 0.8 GiB: FrogModel.D3.CertData.L.L195 FrogModel.D3.CertData.L.L194
ok 1 s, peak 0.8 GiB: FrogModel.D3.CertData.L.L193 FrogModel.D3.CertData.L.L192
ok 0 s, peak 0.8 GiB: FrogModel.D3.CertData.L.L191 FrogModel.D3.CertData.L.L190
ok 0 s, peak 0.8 GiB: FrogModel.D3.CertData.L.L189 FrogModel.D3.CertData.L.L188
ok 1 s, peak 0.8 GiB: FrogModel.D3.CertData.L.L187 FrogModel.D3.CertData.L.L186
ok 0 s, peak 0.8 GiB: FrogModel.D3.CertData.L.L185 FrogModel.D3.CertData.L.L184
ok 1 s, peak 0.8 GiB: FrogModel.D3.CertData.L.L183 FrogModel.D3.CertData.L.L182
ok 1 s, peak 0.8 GiB: FrogModel.D3.CertData.L.L181 FrogModel.D3.CertData.L.L180
ok 0 s, peak 0.8 GiB: FrogModel.D3.CertData.L.L179 FrogModel.D3.CertData.L.L178
ok 1 s, peak 0.8 GiB: FrogModel.D3.CertData.L.L177 FrogModel.D3.CertData.L.L176
ok 0 s, peak 0.8 GiB: FrogModel.D3.CertData.L.L175 FrogModel.D3.CertData.L.L174
ok 1 s, peak 0.8 GiB: FrogModel.D3.CertData.L.L173 FrogModel.D3.CertData.L.L172
ok 1 s, peak 0.8 GiB: FrogModel.D3.CertData.L.L171 FrogModel.D3.CertData.L.L170
ok 0 s, peak 0.8 GiB: FrogModel.D3.CertData.L.L169 FrogModel.D3.CertData.L.L168
ok 1 s, peak 0.8 GiB: FrogModel.D3.CertData.L.L167 FrogModel.D3.CertData.L.L166
ok 0 s, peak 0.8 GiB: FrogModel.D3.CertData.L.L165 FrogModel.D3.CertData.L.L164
ok 1 s, peak 0.8 GiB: FrogModel.D3.CertData.L.L163 FrogModel.D3.CertData.L.L162
ok 1 s, peak 0.8 GiB: FrogModel.D3.CertData.L.L161 FrogModel.D3.CertData.L.L160
ok 0 s, peak 0.8 GiB: FrogModel.D3.CertData.L.L159 FrogModel.D3.CertData.L.L158
ok 1 s, peak 0.8 GiB: FrogModel.D3.CertData.L.L157 FrogModel.D3.CertData.L.L156
ok 1 s, peak 0.8 GiB: FrogModel.D3.CertData.L.L155 FrogModel.D3.CertData.L.L154
ok 0 s, peak 0.8 GiB: FrogModel.D3.CertData.L.L153 FrogModel.D3.CertData.L.L152
ok 1 s, peak 0.8 GiB: FrogModel.D3.CertData.L.L151 FrogModel.D3.CertData.L.L150
ok 1 s, peak 0.8 GiB: FrogModel.D3.CertData.L.L149 FrogModel.D3.CertData.L.L148
ok 0 s, peak 0.8 GiB: FrogModel.D3.CertData.L.L147 FrogModel.D3.CertData.L.L146
ok 1 s, peak 0.8 GiB: FrogModel.D3.CertData.L.L145 FrogModel.D3.CertData.L.L144
ok 0 s, peak 0.8 GiB: FrogModel.D3.CertData.L.L143 FrogModel.D3.CertData.L.L142
ok 1 s, peak 0.8 GiB: FrogModel.D3.CertData.L.L141 FrogModel.D3.CertData.L.L140
ok 1 s, peak 0.8 GiB: FrogModel.D3.CertData.L.L139 FrogModel.D3.CertData.L.L138
ok 0 s, peak 0.8 GiB: FrogModel.D3.CertData.L.L137 FrogModel.D3.CertData.L.L136
ok 1 s, peak 0.8 GiB: FrogModel.D3.CertData.L.L135 FrogModel.D3.CertData.L.L134
ok 0 s, peak 0.8 GiB: FrogModel.D3.CertData.L.L133 FrogModel.D3.CertData.L.L132
ok 1 s, peak 0.8 GiB: FrogModel.D3.CertData.L.L131 FrogModel.D3.CertData.L.L130
ok 1 s, peak 0.8 GiB: FrogModel.D3.CertData.L.L129 FrogModel.D3.CertData.L.L128
ok 0 s, peak 0.8 GiB: FrogModel.D3.CertData.L.L127 FrogModel.D3.CertData.L.L126
ok 1 s, peak 0.8 GiB: FrogModel.D3.CertData.L.L125 FrogModel.D3.CertData.L.L124
ok 0 s, peak 0.8 GiB: FrogModel.D3.CertData.L.L123 FrogModel.D3.CertData.L.L122
ok 1 s, peak 0.8 GiB: FrogModel.D3.CertData.L.L121 FrogModel.D3.CertData.L.L120
ok 1 s, peak 0.8 GiB: FrogModel.D3.CertData.L.L119 FrogModel.D3.CertData.L.L118
ok 0 s, peak 0.8 GiB: FrogModel.D3.CertData.L.L117 FrogModel.D3.CertData.L.L116
ok 1 s, peak 0.8 GiB: FrogModel.D3.CertData.L.L115 FrogModel.D3.CertData.L.L114
ok 1 s, peak 0.8 GiB: FrogModel.D3.CertData.L.L113 FrogModel.D3.CertData.L.L112
ok 0 s, peak 0.8 GiB: FrogModel.D3.CertData.L.L111 FrogModel.D3.CertData.L.L110
ok 1 s, peak 0.8 GiB: FrogModel.D3.CertData.L.L109 FrogModel.D3.CertData.L.L108
ok 1 s, peak 0.8 GiB: FrogModel.D3.CertData.L.L107 FrogModel.D3.CertData.L.L106
ok 0 s, peak 0.8 GiB: FrogModel.D3.CertData.L.L105 FrogModel.D3.CertData.L.L104
ok 1 s, peak 0.8 GiB: FrogModel.D3.CertData.L.L103 FrogModel.D3.CertData.L.L102
ok 1 s, peak 0.8 GiB: FrogModel.D3.CertData.L.L101 FrogModel.D3.CertData.L.L100
ok 3 s, peak 0.8 GiB: FrogModel.G3Q.Cand.Thm9 FrogModel.G3Q.Cand.Thm8
ok 2 s, peak 0.8 GiB: FrogModel.G3Q.Cand.Thm7 FrogModel.G3Q.Cand.Thm60
ok 3 s, peak 0.8 GiB: FrogModel.G3Q.Cand.Thm6 FrogModel.G3Q.Cand.Thm59
ok 3 s, peak 0.8 GiB: FrogModel.G3Q.Cand.Thm58 FrogModel.G3Q.Cand.Thm57
ok 3 s, peak 0.8 GiB: FrogModel.G3Q.Cand.Thm56 FrogModel.G3Q.Cand.Thm55
ok 3 s, peak 0.8 GiB: FrogModel.G3Q.Cand.Thm54 FrogModel.G3Q.Cand.Thm53
ok 3 s, peak 0.8 GiB: FrogModel.G3Q.Cand.Thm52 FrogModel.G3Q.Cand.Thm51
ok 3 s, peak 0.8 GiB: FrogModel.G3Q.Cand.Thm50 FrogModel.G3Q.Cand.Thm5
ok 3 s, peak 0.8 GiB: FrogModel.G3Q.Cand.Thm49 FrogModel.G3Q.Cand.Thm48
ok 3 s, peak 0.8 GiB: FrogModel.G3Q.Cand.Thm47 FrogModel.G3Q.Cand.Thm46
ok 2 s, peak 0.8 GiB: FrogModel.G3Q.Cand.Thm45 FrogModel.G3Q.Cand.Thm44
ok 3 s, peak 0.8 GiB: FrogModel.G3Q.Cand.Thm43 FrogModel.G3Q.Cand.Thm42
ok 3 s, peak 0.8 GiB: FrogModel.G3Q.Cand.Thm41 FrogModel.G3Q.Cand.Thm40
ok 3 s, peak 0.9 GiB: FrogModel.G3Q.Cand.Thm4 FrogModel.G3Q.Cand.Thm39
ok 3 s, peak 0.8 GiB: FrogModel.G3Q.Cand.Thm38 FrogModel.G3Q.Cand.Thm37
ok 3 s, peak 0.8 GiB: FrogModel.G3Q.Cand.Thm36 FrogModel.G3Q.Cand.Thm35
ok 3 s, peak 0.8 GiB: FrogModel.G3Q.Cand.Thm34 FrogModel.G3Q.Cand.Thm33
ok 3 s, peak 0.9 GiB: FrogModel.G3Q.Cand.Thm32 FrogModel.G3Q.Cand.Thm31
ok 3 s, peak 0.8 GiB: FrogModel.G3Q.Cand.Thm30 FrogModel.G3Q.Cand.Thm3
ok 3 s, peak 0.8 GiB: FrogModel.G3Q.Cand.Thm29 FrogModel.G3Q.Cand.Thm28
ok 3 s, peak 0.8 GiB: FrogModel.G3Q.Cand.Thm27 FrogModel.G3Q.Cand.Thm26
ok 3 s, peak 0.9 GiB: FrogModel.G3Q.Cand.Thm25 FrogModel.G3Q.Cand.Thm24
ok 3 s, peak 0.8 GiB: FrogModel.G3Q.Cand.Thm23 FrogModel.G3Q.Cand.Thm22
ok 3 s, peak 0.8 GiB: FrogModel.G3Q.Cand.Thm21 FrogModel.G3Q.Cand.Thm20
ok 3 s, peak 0.8 GiB: FrogModel.G3Q.Cand.Thm2 FrogModel.G3Q.Cand.Thm19
ok 3 s, peak 0.8 GiB: FrogModel.G3Q.Cand.Thm18 FrogModel.G3Q.Cand.Thm17
ok 3 s, peak 0.8 GiB: FrogModel.G3Q.Cand.Thm16 FrogModel.G3Q.Cand.Thm15
ok 2 s, peak 0.8 GiB: FrogModel.G3Q.Cand.Thm14 FrogModel.G3Q.Cand.Thm13
ok 3 s, peak 0.8 GiB: FrogModel.G3Q.Cand.Thm12 FrogModel.G3Q.Cand.Thm11
ok 3 s, peak 0.8 GiB: FrogModel.G3Q.Cand.Thm10 FrogModel.G3Q.Cand.Thm1
ok 5 s, peak 1.0 GiB: FrogModel.G3Q.Cand.Thm0 FrogModel.LemmaX.LawStatement
ok 3 s, peak 0.9 GiB: FrogModel.LemmaX.Coupling FrogModel.LemmaX.CertStatement
ok 8 s, peak 3.0 GiB: FrogModel.D3.LaneB.Lemma12 FrogModel.D3.LaneB.NegBin
ok 7 s, peak 2.9 GiB: FrogModel.D3.LaneB.Succ FrogModel.D3.LaneB.Lemma8
ok 10 s, peak 3.0 GiB: FrogModel.D3.LaneB.Lemma16 FrogModel.D3.LaneD.Pack
ok 11 s, peak 3.0 GiB: FrogModel.D3.LaneC.Order FrogModel.D3.LaneC.LowerDefs
ok 7 s, peak 3.0 GiB: FrogModel.D3.Interfaces.Seed FrogModel.D3.LaneE.Basic
ok 3 s, peak 0.9 GiB: FrogModel.LemmaR.Returns FrogModel.Recursion.Arrive
ok 3 s, peak 0.9 GiB: FrogModel.Engine.Drive FrogModel.D3.M1L.Bridge
ok 1 s, peak 0.8 GiB: FrogModel.D3.CertData.L.LT
ok 1 s, peak 0.8 GiB: FrogModel.D3.CertData.L.L604
ok 0 s, peak 0.8 GiB: FrogModel.D3.CertData.L.L603
ok 1 s, peak 0.8 GiB: FrogModel.D3.CertData.L.L602
ok 0 s, peak 0.8 GiB: FrogModel.D3.CertData.L.L601
ok 1 s, peak 0.8 GiB: FrogModel.D3.CertData.L.L600
ok 3 s, peak 0.9 GiB: FrogModel.LemmaX.PlanCheck
ok 19 s, peak 3.7 GiB: FrogModel.D3.LaneD.ConvSound
ok 6 s, peak 2.9 GiB: FrogModel.D3.LaneD.CheckSpec
ok 3 s, peak 0.9 GiB: FrogModel.D3.Interfaces.Checks
ok 5 s, peak 1.0 GiB: FrogModel.G3Q.Cand.All FrogModel.LemmaX.Mean
ok 3 s, peak 1.0 GiB: FrogModel.LemmaX.ClaimA FrogModel.LemmaX.Lemma62
ok 6 s, peak 2.9 GiB: FrogModel.LemmaX.ChildDefs FrogModel.D3.LaneB.Good
ok 10 s, peak 3.0 GiB: FrogModel.D3.LaneD.Terms FrogModel.D3.LaneD.Decode
ok 14 s, peak 3.1 GiB: FrogModel.D3.LaneD.SLawSound FrogModel.D3.LaneC.Lemma18
ok 7 s, peak 2.9 GiB: FrogModel.D3.LaneC.StageCmp FrogModel.D3.LaneC.LowerStep
ok 15 s, peak 3.0 GiB: FrogModel.D3.M1K.Real FrogModel.D3.LaneE.Interval
ok 12 s, peak 3.0 GiB: FrogModel.D3.LaneE.Induction FrogModel.LemmaR.Awake
ok 3 s, peak 0.9 GiB: FrogModel.Recursion.Copy FrogModel.Engine.Law
ok 3 s, peak 0.9 GiB: FrogModel.D3.M1L.Height0Defs FrogModel.D3.M1L.F1Zero
ok 4 s, peak 0.9 GiB: FrogModel.LemmaX.ClaimALaw FrogModel.LemmaX.PlanSound
ok 7 s, peak 2.9 GiB: FrogModel.LemmaX.ChildBasic FrogModel.D3.LaneB.Lemma9
ok 10 s, peak 3.0 GiB: FrogModel.D3.LaneB.Lemma16Prob FrogModel.D3.LaneB.ClosIdentity
ok 7 s, peak 3.0 GiB: FrogModel.D3.LaneD.SingleSound FrogModel.D3.LaneD.StepTerms
ok 9 s, peak 3.0 GiB: FrogModel.D3.LaneC.Seed FrogModel.D3.LaneC.LowerMeas
ok 12 s, peak 3.0 GiB: FrogModel.D3.M1K.Closure FrogModel.D3.LaneE.Tail
ok 6 s, peak 2.9 GiB: FrogModel.D3.LaneE.Pick FrogModel.LemmaR.Planted.Awake
ok 3 s, peak 1.0 GiB: FrogModel.Recursion.Law FrogModel.Engine.Dominate
ok 3 s, peak 0.9 GiB: FrogModel.D3.M1L.Laws FrogModel.D3.M1L.Height1Defs
ok 3 s, peak 0.9 GiB: FrogModel.D3.M1L.GenDefs FrogModel.D3.M1L.F1Gen
ok 7 s, peak 3.1 GiB: FrogModel.D3.LaneE.Table
ok 3 s, peak 1.0 GiB: FrogModel.LemmaX.LawMain FrogModel.LemmaX.PlanCand
ok 3 s, peak 1.0 GiB: FrogModel.LemmaX.Lemma61 FrogModel.LemmaX.ChildLaw
ok 7 s, peak 3.0 GiB: FrogModel.Engine.CandSim FrogModel.D3.LaneB.OptSampling
ok 6 s, peak 2.9 GiB: FrogModel.D3.LaneD.SeedSound FrogModel.D3.LaneD.ExtSound
ok 8 s, peak 3.0 GiB: FrogModel.D3.LaneD.StepSound FrogModel.D3.LaneC.LowerLaw
ok 3 s, peak 1.0 GiB: FrogModel.D3.M1K.YSound FrogModel.D3.M1K.Height0
ok 10 s, peak 3.0 GiB: FrogModel.LemmaR.Planted.Main FrogModel.D3.LaneA.Depth
ok 3 s, peak 1.0 GiB: FrogModel.Recursion.Main FrogModel.Engine.Markov
ok 3 s, peak 1.0 GiB: FrogModel.D3.M1L.GenFold FrogModel.D3.M1L.GenBasic
ok 12 s, peak 3.0 GiB: FrogModel.LemmaX.CertMain FrogModel.D3.LaneB.ClosMean
ok 6 s, peak 2.9 GiB: FrogModel.D3.Chain.Link FrogModel.D3.LaneC.Couple
ok 6 s, peak 2.9 GiB: FrogModel.D3.M1K.Sound FrogModel.D3.LaneA.Walk
ok 6 s, peak 2.9 GiB: FrogModel.D3.LaneA.Sym FrogModel.D3.LaneA.Meas
ok 3 s, peak 1.0 GiB: FrogModel.Engine.DomChain FrogModel.D3.ChainLaw
ok 8 s, peak 3.0 GiB: FrogModel.D3.M1L.GenAux
ok 3 s, peak 0.9 GiB: FrogModel.LemmaR.Planted.Check
ok 7 s, peak 2.9 GiB: FrogModel.D3.LaneB.Lemma8a FrogModel.D3.CertData.B.B9
ok 3 s, peak 0.9 GiB: FrogModel.D3.CertData.B.B8 FrogModel.D3.CertData.B.B7
ok 3 s, peak 0.9 GiB: FrogModel.D3.CertData.B.B6 FrogModel.D3.CertData.B.B5
ok 4 s, peak 0.9 GiB: FrogModel.D3.CertData.B.B4 FrogModel.D3.CertData.B.B3
ok 3 s, peak 1.0 GiB: FrogModel.D3.CertData.B.B2 FrogModel.D3.CertData.B.B10
ok 3 s, peak 1.0 GiB: FrogModel.D3.CertData.B.B1 FrogModel.D3.CertData.B.B0
ok 6 s, peak 2.9 GiB: FrogModel.D3.LaneC.S2S3 FrogModel.D3.M1K.Run
ok 6 s, peak 2.9 GiB: FrogModel.D3.Bridge FrogModel.D3.LaneA.Indep
ok 3 s, peak 0.9 GiB: FrogModel.Engine.CandDom FrogModel.D3.M1L.Height0
ok 4 s, peak 1.0 GiB: FrogModel.D3.CertData.Main FrogModel.D3.Interfaces.Assembly
ok 6 s, peak 2.9 GiB: FrogModel.D3.LaneA.Trials FrogModel.D3.LaneA.Coins
ok 3 s, peak 1.0 GiB: FrogModel.Engine.CandKernel FrogModel.D3.M1L.Height1
ok 3 s, peak 0.9 GiB: FrogModel.D3.M1L.GenLaw
ok 3 s, peak 0.9 GiB: FrogModel.Engine.G3Codes
ok 3 s, peak 1.0 GiB: FrogModel.D3.Chain.Final FrogModel.D3.LaneB.Lemma10
ok 6 s, peak 2.9 GiB: FrogModel.D3.LaneA.Pool.Defs FrogModel.D3.LaneA.FutureDom
ok 3 s, peak 0.9 GiB: FrogModel.D3.M1L.Height1Law FrogModel.D3.M1L.GenStep
ok 6 s, peak 2.9 GiB: FrogModel.D3.LaneA.Pool.Arrive FrogModel.D3.LaneA.Lemma19
ok 3 s, peak 1.0 GiB: FrogModel.Engine.G3Sem FrogModel.D3.M1L.GenGood
ok 5 s, peak 2.9 GiB: FrogModel.D3.LaneA.Pool.Copy FrogModel.Engine.G3Step
ok 7 s, peak 2.9 GiB: FrogModel.D3.M1L.GenMain FrogModel.D3.LaneA.Pool.Law
ok 3 s, peak 1.0 GiB: FrogModel.Engine.G3StepV FrogModel.D3.M1L.GenIface
ok 6 s, peak 2.9 GiB: FrogModel.D3.LaneA.Pool.Main FrogModel.Engine.G3StepW
ok 6 s, peak 2.9 GiB: FrogModel.D3.M1L.F3L FrogModel.D3.LaneA.Delivered
ok 3 s, peak 1.0 GiB: FrogModel.Engine.G3Cert FrogModel.D3.M1L.F3LMain
ok 6 s, peak 2.9 GiB: FrogModel.Final FrogModel.D3.Assembly
ok 6 s, peak 1.0 GiB: FrogModel.Solution FrogModel.SolutionRecurrent
# done in 21 min: 1490 modules, 754 batches (15 heavy, 739 light), 754 lake calls, 0 modules failed
# size of .lake/build: 2043.3 MiB in all, setup.json 1215.3 MiB, olean 498.9 MiB, olean.private 188.3 MiB, c 61.0 MiB, ilean 42.8 MiB, ir 25.9 MiB, olean.server 6.2 MiB, trace 4.5 MiB, ir.sig 0.3 MiB, olean.server.hash 0.0 MiB, olean.private.hash 0.0 MiB, olean.hash 0.0 MiB, ir.sig.hash 0.0 MiB, ir.hash 0.0 MiB, ilean.hash 0.0 MiB, c.hash 0.0 MiB
# result: ok, all 1490 modules built
