b7d90ddc382285f53561d14d3487e314e68fef3657c1fc2ef35522b53ddedc0a  FrogModel/D3/CertData/B/B0.lean
514a88c1a0f0efe0e3aad9799f14851f9449fdac25696f9c9fbc6fff30fdafda  FrogModel/D3/CertData/B/B1.lean
eabd1ff2ebf8f37dcc736b1a763e8fb1d46d3ff4b25016271a1aa668f2794bc2  FrogModel/D3/CertData/B/B2.lean
d2779e1f556cf572adb2d100cab9d7275a45ba6838fed16d99c0413de04a6ce5  FrogModel/D3/CertData/B/B3.lean
13d47208c992b9cf31a8ddbcdddd5adcef48eaa55382e3702bc98fab589cdd28  FrogModel/D3/CertData/B/B4.lean
d82531619510dba4fcdbc42e5d447b74e1a3cbd7d9d38398af90ffa0725cae9f  FrogModel/D3/CertData/B/B5.lean
bcc926e757c48885fd68964c0ce1e44933badbb6c61c31243ce8303be8ee6353  FrogModel/D3/CertData/B/B6.lean
ec621089ba70d4b14f1792061162a39c7adc7bc5dd36c3e4afa75ced3ceced65  FrogModel/D3/CertData/B/B7.lean
f69b969b22b1adbf6193e2a29f638e548b2a51ae9b8ee729dd217d1d839a0f38  FrogModel/D3/CertData/B/B8.lean
622a7d6617179de6d1da0e464b4eeeb36668d873be31202b04eec09475ea3995  FrogModel/D3/CertData/B/B9.lean
c530b30f961c205a697b230c210af806b4d4dd80ceb238f36904f3e57e9fbd9b  FrogModel/D3/CertData/B/B10.lean
a5a0e3411ba03dc5ba70257ea55e939864cc4e56c8e4ff1c3d7869f26c00ba5e  FrogModel/D3/CertData/Ext.lean
447d9166d0bb2a47a4a308951d9f31df598d20289f462c4d5d8af28e888c9927  FrogModel/D3/CertData/LeT.lean
635cfb3370675a920490bf787f28367825426ac551b9df9fc322105876fe4d63  FrogModel/D3/CertData/L/L100.lean
9bb36b8b112781b5fe3333bf1457388f5c54279db0f6c7fd2cfe59268ef5fa84  FrogModel/D3/CertData/L/L101.lean
0558dd4f9e47224716d6a798b137bdce8a9f826f396ab6adf47b29158a8d6523  FrogModel/D3/CertData/L/L102.lean
6fa028d9c93ecd1fa61446f4c15d577282ad425429a3e2b19a3cb1c3ae236f3a  FrogModel/D3/CertData/L/L103.lean
c48ab9cc15296b1d83b35f87a5abb98db4888b3c213b9b3809209f80bcb85492  FrogModel/D3/CertData/L/L104.lean
21f380c8991e71dadc6f8af37ed995b4d0d927122ca437a0d7ec5250a72c62b7  FrogModel/D3/CertData/L/L105.lean
f2d1b568661d2ae8a4617fb0b329df4c403a5588d8f606632628e3bc66889697  FrogModel/D3/CertData/L/L106.lean
874e79e495314c220a4af2bc02313c93f34e94fd4e3bb3ecc4b79c43af006dcb  FrogModel/D3/CertData/L/L107.lean
f1c2c3df281951231438b74935ac1056b5750b541c2924cbf3626b2db90310c8  FrogModel/D3/CertData/L/L108.lean
acdfde75b32dbe768dc771e975548b490b9da9bcd175fb7e421ddb179a265372  FrogModel/D3/CertData/L/L109.lean
50f81a1a6af0d3ec42a4fbb76bbf4825f5b86934c5ec854d4250655d361fe626  FrogModel/D3/CertData/L/L110.lean
c434a139d06a0eb832e2443ec99261dc5bbab9d32001b592ada6d566edeb636e  FrogModel/D3/CertData/L/L111.lean
0f0fb4a35990180d18d05f8b21c3d88d5f297c99d4695815661311fce79b6687  FrogModel/D3/CertData/L/L112.lean
2d14c2d0cb034d923e70786d9397e702fca9a5c19a4c78c55a609142ab33a39c  FrogModel/D3/CertData/L/L113.lean
4aa2aba6dc2ce3f87c73d3793b2495fbb7f3a802064995d839f67a94c72d42d9  FrogModel/D3/CertData/L/L114.lean
1a75ef32f578db79c84fda80dec270b0c0cd93aeaee1ffd849ff5bf432eeaef8  FrogModel/D3/CertData/L/L115.lean
6e2cdd2f1a3e11014cff09efdd2d0b9bc4a69fbb02a29fe16956a133cc69d718  FrogModel/D3/CertData/L/L116.lean
24306083bb06a70adef20cbd075cff1d027f2dc34b1a253e835a33dbe9b75ce8  FrogModel/D3/CertData/L/L117.lean
36a39d0906c89116bc0c2aeccac187989268bbc9be9dc5b8919a147e973e172a  FrogModel/D3/CertData/L/L118.lean
6e7aabcf9102e5b5c2cfd0c85a81dd5625d1655f40c4b5cf3eff9fb54c1514f4  FrogModel/D3/CertData/L/L119.lean
f3db4e0cffd6037ce1fe2e447bd9fcc1015116778491b8f99448ae414211b50d  FrogModel/D3/CertData/L/L120.lean
d7bd8d15f8aa5aa845c40f153712943fd4de996696135fed1b49b0d146918498  FrogModel/D3/CertData/L/L121.lean
9abf7af7f40f6d0ff90c83d639e00a9092230ce32b99c48699eb6e8a8ccac79e  FrogModel/D3/CertData/L/L122.lean
5d5e010ea688dc2d18e3d0463d6f37a7d73ac0ef176bb84b825da7200524199e  FrogModel/D3/CertData/L/L123.lean
c9b942a1cd7423896833cd84216ed93e5dbd39454f6e2658099bd620145e0ce0  FrogModel/D3/CertData/L/L124.lean
ba5c8e66a282a2b5a1980fe4e25dd9d9e617928d8589ddc12eca2a33febf2533  FrogModel/D3/CertData/L/L125.lean
b02eadd9e3d807ecb885cb2ff82e662b4d909ab216efaaa546ff9f40cac80cd2  FrogModel/D3/CertData/L/L126.lean
6e1527dde718e57d898a8343b0807a95bf5b8f281bb2c4d8d18a42d33b4a536a  FrogModel/D3/CertData/L/L127.lean
d06454cc91f1a532453f14e223a332fc64739c7ac326f60221b15165b6640809  FrogModel/D3/CertData/L/L128.lean
cfb6d91ef8d593a7f5fc0ad400ef4b838fc8857e14165e9daa56eae13a491742  FrogModel/D3/CertData/L/L129.lean
f7cf7b8e1ea96abc0c9a84d6894ef1ebd0f0edfffaaeb0e84f8ffaa9c30a3769  FrogModel/D3/CertData/L/L130.lean
7cee79f02e3ad8b2639de2d42ff6461846141947abc9334f91e2e0612792ed44  FrogModel/D3/CertData/L/L131.lean
201e47698162a867ace964edaacc498fe1e710bcd65b8414fda1c1875d4dabf2  FrogModel/D3/CertData/L/L132.lean
138c94ee12e33d59052498fe6b1477d1ebe0de1a7d3351ab826491d67f9e4710  FrogModel/D3/CertData/L/L133.lean
096dd1b7a2c405bb1b3ac6635da5fabc2887eba36f31b79ed9898219953d4eb6  FrogModel/D3/CertData/L/L134.lean
3bc5f1a71dbfe7035116a8fc924e61292dccd229cbfaef7bb5686c68977eb9ac  FrogModel/D3/CertData/L/L135.lean
3b2f78bfdafb63c18e4a18ced56c92c9b2c2000750927b5441ab730f27c1222d  FrogModel/D3/CertData/L/L136.lean
4e4357d4a67f98264d52153634fe0655af6570ab2f0a8a9d82bb48047b138416  FrogModel/D3/CertData/L/L137.lean
3a68047a84b79110b3d30dba7803ffbc226bd1a772fcba846838fe3a0bcadf51  FrogModel/D3/CertData/L/L138.lean
ba3877b3279f8f60d4bea7f36ee5d3a78905f6eabe5dc6060460af051f20cfad  FrogModel/D3/CertData/L/L139.lean
9148fe7e154f4ce6342c7a7af8558d73af1c0d57c04a21fe393cbdd6a42ab87c  FrogModel/D3/CertData/L/L140.lean
195b2358467d0fe7e1a08fdf55ebc96c5fe1ff065c82009204f7f5364f8f932a  FrogModel/D3/CertData/L/L141.lean
d6f151f7e6b45dd59d6f7f65a49cbdb234f28044c6dfffaf9fae2725665195e1  FrogModel/D3/CertData/L/L142.lean
05142c8a6ef2dc9ea7f021fdfb315bd35869b479d5903db1520888a6e369456e  FrogModel/D3/CertData/L/L143.lean
667c2c11e4c24c80dffb2cf0d1dcb1890e7a83e32e69eae8d85c94fb3a2696d7  FrogModel/D3/CertData/L/L144.lean
ad76cb539170758a74af5451a5fe856f8cd521d83b55ce4863b5b9618df23054  FrogModel/D3/CertData/L/L145.lean
0d2bb845d4d158027f864448b70c7a84b0a939e1348a75b283b04fbde1df6a13  FrogModel/D3/CertData/L/L146.lean
05296e2c3e8f063277b146a4b20d9aac7d55c0bcfc8646f14dadf6e7093a42e6  FrogModel/D3/CertData/L/L147.lean
25de32e1dc3107711a5ae3c9bfc1d607418505c983f23bf40004e1bc3e0ccf9a  FrogModel/D3/CertData/L/L148.lean
529cd75f80dff1b3bcf868b7e92cbc85e1086d7b0304dcfab2229d7e369aa57c  FrogModel/D3/CertData/L/L149.lean
ae6e484a0a431d8ef657dbcfeb5505e4983680a39b89d3bf42327b85b533290a  FrogModel/D3/CertData/L/L150.lean
be43e35e31603c128ab6a3592317af01b7a5d63e7d0eabcb0f886fca1f5f0c28  FrogModel/D3/CertData/L/L151.lean
842cfc53752921ccc9b0ec137a6878fa602ebdd70f10165344f71a4e081098cc  FrogModel/D3/CertData/L/L152.lean
527117e6f2d0f9a233b002abc8587f1aec9f90aa8e3ad39b58df7c761e3bab0a  FrogModel/D3/CertData/L/L153.lean
e4c46b6b416efcec4970220f42415f1c0c54539add98444be22f6445d0e0756e  FrogModel/D3/CertData/L/L154.lean
5bb8b76f45db23e8f7c8054e633e090d3c071cce704b3832509132c89bdcdb44  FrogModel/D3/CertData/L/L155.lean
b14f98f046e67cd46bd597864c304c888c7933a0cde71192cf96fc3622b6f80f  FrogModel/D3/CertData/L/L156.lean
fcdec69bd070dca21b7c4da14dd9668f0b945acf68f5c797a1ae6fc9cc597ba7  FrogModel/D3/CertData/L/L157.lean
534ed0f0c02cca398b80b21944a67857ad3ac116dbc645c274d897b9c408ea82  FrogModel/D3/CertData/L/L158.lean
f492c72a43aaa791f66cfa8d7b2feb576dbc5903ffd91dc987fffc2edbaa0940  FrogModel/D3/CertData/L/L159.lean
a274954175e51a3083b870d0c7e1211a51effd6928ab38661930fcca07b93451  FrogModel/D3/CertData/L/L160.lean
31ecc2e9e3453dc0ac7346e939cec30e879f97a97c75e2f23c27b0e5a8252e01  FrogModel/D3/CertData/L/L161.lean
de5d14e14bb73b841be7db3d9a11f44e8b1116aceb1d06d484a34976e3f31aff  FrogModel/D3/CertData/L/L162.lean
5fc16252fc791d7e8943ed766288cb6c24da4ce9d619c498c2bc5ad311e514cd  FrogModel/D3/CertData/L/L163.lean
b84c180576ea0ea8ebbdff04eac585b4893e8543451cb68df0a3557d0e2022c7  FrogModel/D3/CertData/L/L164.lean
ca3807dad9a149fbb154dcb0543c625419c64cc2dc8e3b9c8516d4c9563501b1  FrogModel/D3/CertData/L/L165.lean
ff06dbf0a72df2952de8e62731aadf964af4f2c1985a19f1ad62c17a766df3c8  FrogModel/D3/CertData/L/L166.lean
d4b1c79897a82dae4b93614eede4d2b42134e2f197bade521621de8334af4879  FrogModel/D3/CertData/L/L167.lean
8fc9b871b21fc72837487f04ec693bdc13a9eee052cd29771cb61b9d10adf281  FrogModel/D3/CertData/L/L168.lean
f2b7d27dc22cdbf1f143a172958e19d28b8fce5e144ad04e6698901feb9c725d  FrogModel/D3/CertData/L/L169.lean
c5d6faea5b242dfb3b807bc1f324e63b9ca14446ab3b3d8b4135ac276734c2f6  FrogModel/D3/CertData/L/L170.lean
bed773c1e71aa074759ea081cc721929ff3ef1d91a48c6644a38c915976cc132  FrogModel/D3/CertData/L/L171.lean
d38d5e0ebaeb243078b834adb6089756de42c2e9eb268b00b39300faff86ca34  FrogModel/D3/CertData/L/L172.lean
cc4b3f4820c5de4df51384116a3eae7df79b500e818a92bfcc6853a207f1b31f  FrogModel/D3/CertData/L/L173.lean
421dcd58ed9a53337514be9decdb28a3fde55e6c9976bca37579d94463c78336  FrogModel/D3/CertData/L/L174.lean
0a00fdc5b9585c37e48fda8736bcff768fd90c670ddef0c52565980ab52acc50  FrogModel/D3/CertData/L/L175.lean
7a7bdfcb70b785a2ca329a411d99e501e63479c66c19f8e4458624bac7db853e  FrogModel/D3/CertData/L/L176.lean
e544447d591240bdf8792e09c9f628cbe2bc9e2eabd4c8268cbaca19821e2e10  FrogModel/D3/CertData/L/L177.lean
e0107ac2076d8fcd0b7a98c83f6248798be2eec3ed2410012512b2a744404158  FrogModel/D3/CertData/L/L178.lean
d1e68848feb1653a9bd4e59a86da41ace37ec5bb04e07c54b527bece7515f22c  FrogModel/D3/CertData/L/L179.lean
6cb2a10d909810c7e9493d4353c6f2e49f156d39ab8e1a72c4ba1dbb12994c7b  FrogModel/D3/CertData/L/L180.lean
c1d8383fbd9ef35289cc9b86fd6ff77b8c5610cb207c2e8f500bf2efc3b58bd5  FrogModel/D3/CertData/L/L181.lean
55f6c47657b8e0cc03ab97538fbf4b9d1c5ec425a3053e337b8e2580fdc8cbc9  FrogModel/D3/CertData/L/L182.lean
7ed18ffc559dd9eaa1a196727adc452aeee5846345660fa147439834efc77499  FrogModel/D3/CertData/L/L183.lean
e76aeb516780acf46c4211c79dacedb4beff3578aa1db409d971d480a7af4686  FrogModel/D3/CertData/L/L184.lean
28dca5edf984bd1b6542ab8acd6727107117f48d4672c227d3b366a288a153ad  FrogModel/D3/CertData/L/L185.lean
3d8d870b4c110197369068e58934eecdf680ef55cbb2c7ae98b98d0d048563ff  FrogModel/D3/CertData/L/L186.lean
63af3dd879f390356a80844f5f1920dfc00f8fed5143e746de44b50480d802d0  FrogModel/D3/CertData/L/L187.lean
6f64f06f44e6245e7a109778670a3f40cee632ade357c74d59036ccc72170cc7  FrogModel/D3/CertData/L/L188.lean
e7b82092bebc3d090ebcf36772f87df1e3b47c9b67100018d6a6aa8a25bfdcb8  FrogModel/D3/CertData/L/L189.lean
98e667ea2f28ab842c83da383f45530b01582f3d54e2b25e1f5450b5e67a4999  FrogModel/D3/CertData/L/L190.lean
2cbd41b37ba71c0f82b06cde1526299b2f8644e110b903ae2694bc55293cdc79  FrogModel/D3/CertData/L/L191.lean
8d0686a1434900d4bd2a3b5de5db8e702e44f2898de8156f2761a5c86c3f1b83  FrogModel/D3/CertData/L/L192.lean
72ec04e3d21f92bcd1724ac1d4ec4ea79a81f903de07e95f6ea02d5ffd020577  FrogModel/D3/CertData/L/L193.lean
d0654c6a1c58b3d40d29e084675c75d130cf7226ef989a9ce8a86baaba5052e5  FrogModel/D3/CertData/L/L194.lean
22f2141996a04bf1ac07ab782936b02fa398d076e180ed6a100c1c897ac06e74  FrogModel/D3/CertData/L/L195.lean
30b7cc02ba8d4aa985e00e20d046e6291f568880115ad0940e02473d42316284  FrogModel/D3/CertData/L/L196.lean
18f062b53dbf657d9899fbfe54fa9183589911b3617a3d7ea28d73274c286408  FrogModel/D3/CertData/L/L197.lean
506f0d2945a75d0f7345a7d5cd296f898e8807869d531af2d13c12d6461a7002  FrogModel/D3/CertData/L/L198.lean
955c19bfe347059a7a7047d34b5dd9fbc1256320e8faec10380b5cbf976e764e  FrogModel/D3/CertData/L/L199.lean
83948f79f87d0a60599a866898c883daa979f939640f0995630f28cb173a5f75  FrogModel/D3/CertData/L/L200.lean
d117a8b52860c2a84c5f99b881f947a06f068fe433827716b1d4b0a16668cd20  FrogModel/D3/CertData/L/L201.lean
1114ff56dbc328a1e7e40c95e1dc6eefb01c685fd7722d5a50a66c9036928ba8  FrogModel/D3/CertData/L/L202.lean
8367528af908543eb5ccfa6085c1e8d405ff63729f6823911739546fbc088d6d  FrogModel/D3/CertData/L/L203.lean
4354548dfaa22f379fd071be66ad0b6034a06a382bc4c26f80c3203c1498f5cd  FrogModel/D3/CertData/L/L204.lean
a7ede2a356a3cdc95770bb40dd50aa202d2b125894c4d5e8e54dd811b044ff38  FrogModel/D3/CertData/L/L205.lean
fbf52e8e80b98ae2ad0682d5419b2311418af54192818bd49126c2cb5c4cc943  FrogModel/D3/CertData/L/L206.lean
7145ab83577ced6cc549cb32b2cee48331f87068874513f2b37ccbbd96356320  FrogModel/D3/CertData/L/L207.lean
5a43fb7770b105829f1f4a18568e45c703aecfeea62bc6f928e464768d6ead33  FrogModel/D3/CertData/L/L208.lean
a68ffe659476ab0d2557e00b4e0159bcf3770142d35e16584707400bdf89b746  FrogModel/D3/CertData/L/L209.lean
dd7c4424a60e7b41ef115746fef18506c2688e6671ab2c8bcb40e1d70a5db252  FrogModel/D3/CertData/L/L210.lean
64e7bf26b8b8b2ce434aa8761f541bbb2b81dca24d947e610d4644cac321df4b  FrogModel/D3/CertData/L/L211.lean
390d153e82c92abe7072f77182b85d62e45fd93f251fdcc5344fb5c3a92827a6  FrogModel/D3/CertData/L/L212.lean
ed54546e9466158967c1e3bed29785024ac90dc1d84d00dfc24556bbb7b01b90  FrogModel/D3/CertData/L/L213.lean
2f6c3aa0d5225eaf274014040abbea7e88bd675d86b28f7ca6eae8fab0d3e142  FrogModel/D3/CertData/L/L214.lean
9e9663904b8267ae102a2be243e4d36b6385870822d5bc3c3ecabfb71c0a12e3  FrogModel/D3/CertData/L/L215.lean
9ac66d69cc2ba844278203fee4e8fcdecca86a6788b5941a9fa2403d87df8a31  FrogModel/D3/CertData/L/L216.lean
abc579ba7e8dbdbac9c3c416b87914f2e192056659ed3d65e96d7443a10bfaa8  FrogModel/D3/CertData/L/L217.lean
8e0723a64753627d227cc35eca43da683e9fb8bcb9d3610b8a2567b274c247e3  FrogModel/D3/CertData/L/L218.lean
374be6753d214de3bc4ee0b21223d5fdf32a4df3a10833d437a9534e749b1f35  FrogModel/D3/CertData/L/L219.lean
1ad9135f4be3a9b35a9d21796a7da7bdf3750af4e6d747f2d4fa6344f946d80e  FrogModel/D3/CertData/L/L220.lean
c28746e333b666360555bdfe2d0a8d5082b5808485986f9fba140c8ec0fd2229  FrogModel/D3/CertData/L/L221.lean
2eb37f7feaa4a4eaafb76334d2e26a14e1c5b09d016d37c3e7fde8868189b097  FrogModel/D3/CertData/L/L222.lean
eb489b4164507e14479fbe27d2e008cd087d9b750fd35a6dba108ac5f1538ae2  FrogModel/D3/CertData/L/L223.lean
95c487ee31ad54bdc3ce0f355f448d98819fe2594241fa3e09e9e612d0897c4f  FrogModel/D3/CertData/L/L224.lean
89691868b93ef1df2f49bc0e0faafebd2d79a5f1ab787e75ab8ed2d7405b1ef5  FrogModel/D3/CertData/L/L225.lean
c81e50caee5c36a472313f931d876b23d36798ef255548e9b77ab0881a804752  FrogModel/D3/CertData/L/L226.lean
4d5ef95ad6f795df93eb53b72af535d6fed3ad2c1dff763bcbb24d5117cacff4  FrogModel/D3/CertData/L/L227.lean
903000dc7e8e6e6a3cbc7a14cea923e50688de510210e0627aa8ac16f11506b1  FrogModel/D3/CertData/L/L228.lean
35044be9f781903ca0a088de2c2c0940b094bff15839d3cdf6f48046caf6f5f8  FrogModel/D3/CertData/L/L229.lean
f7471db4a0aaeaa638696dd619c441e6d53775bb1053cad5c9fbae44ba54ae68  FrogModel/D3/CertData/L/L230.lean
8a58a9c53fcef22cf1a82a03db8035d85408c7416f42d8be591573c4cce69103  FrogModel/D3/CertData/L/L231.lean
0e9548773d123461bc7682d97d50609bee0425681b7994dd08fb7b5359711f53  FrogModel/D3/CertData/L/L232.lean
148edf129c4b01c1d1613d9111a9e62048e93219fc802f20a228c1dce015f4aa  FrogModel/D3/CertData/L/L233.lean
9eba8aad2ccc13ba5cbf077cd370a2648959272f3e1a4ee675432de825cd9f33  FrogModel/D3/CertData/L/L234.lean
608ff5dc1a48e7bc1abfa8ef6ee05dd9cccd098b8abf35ed4759233cc6d312b1  FrogModel/D3/CertData/L/L235.lean
d6d7445e8ac1fe2e3ac7f473a19bfcf1cce31e27082459fabee9194c4bad9930  FrogModel/D3/CertData/L/L236.lean
4ea92e7057169f0f8c24a86d282bff03984055bd68d4dc794336b35eb3f62cc2  FrogModel/D3/CertData/L/L237.lean
580de75779048dabb0434fe12f52c5f1b41e48a40e46177f6406c5219fcc158c  FrogModel/D3/CertData/L/L238.lean
951f12326147928d69715592668cdd2049f0cc89c33d4f774f8d23c8b5aa04d1  FrogModel/D3/CertData/L/L239.lean
3155ea425194e407a93b91c4c04530ffc060f78cbb12a99cd997ace243517062  FrogModel/D3/CertData/L/L240.lean
fe668eefb362334e1326847a63b76913a3329ea904c509a08d113562a4e936c5  FrogModel/D3/CertData/L/L241.lean
41d6bf3c1ed7b19ee64784b1a486f9b2a607d4b8e07bb2f22f3a08a728380fce  FrogModel/D3/CertData/L/L242.lean
2fad27c7117b91cba5f8fe6eb9ed7983d96810b57fceda8098c223b7184c94a1  FrogModel/D3/CertData/L/L243.lean
1654c78f64c0ecc242cc77ded41dee0770062629930f31e831dfdcb5d9eb1fda  FrogModel/D3/CertData/L/L244.lean
ac5dfa7f6609e00f67e764eeb7b9255dc8ee30e902f859268ceaca25b50ba45e  FrogModel/D3/CertData/L/L245.lean
804c4d0f035e11018e16bf2aeb5e47cf916ff2782a53dac10977d2fb5ee62531  FrogModel/D3/CertData/L/L246.lean
8c322aa6624373634b008001ee68c0eadb6ec061d768f6eaa35d2ca190f3aeb9  FrogModel/D3/CertData/L/L247.lean
f81717f6dcbe088105bf5b802e68721070c8f28347ea556912e224975d6e6b42  FrogModel/D3/CertData/L/L248.lean
344d9f74fa9a873bca80f368d86c2e38a7ae735266012a7c92f9986a064ca88d  FrogModel/D3/CertData/L/L249.lean
db03aed1da521c429c067fcb1019d606e76612e261206ca61968023de3d7fc63  FrogModel/D3/CertData/L/L250.lean
2424b3061beed7e5f2fbe6eac373c992be884d86c374544fe5e237d1f1a630b3  FrogModel/D3/CertData/L/L251.lean
c78154093727570dbe5928765f6651429becc3ca03bae2d4c0620cb763227db4  FrogModel/D3/CertData/L/L252.lean
189c855b84ab442631ca0ff6110531a7fcf872b1483f06a820c04a9258abb410  FrogModel/D3/CertData/L/L253.lean
829d711c08f35a35636ba31433262db114a3272e340cef27ea40b49711aa581c  FrogModel/D3/CertData/L/L254.lean
e93918661832bb6d27e981abb230960518d01a55f3d31acf190e287e504ec421  FrogModel/D3/CertData/L/L255.lean
ccb6233370667a6a35c4a1bebfeeddccae1803e2be97f59393bbedbbb51eff0b  FrogModel/D3/CertData/L/L256.lean
f6a69d1abaa45e3428927dc9b41c9e6282351b135262293307c0bf7eea406ae1  FrogModel/D3/CertData/L/L257.lean
bc51fd5ad1640ebc108cd620ae567f1c10e461adae3361032805803fcb8c374c  FrogModel/D3/CertData/L/L258.lean
8fafbc4ca415537ad8742b6c3d4112e9b20ea8b9187b604d152138a70d8a5c61  FrogModel/D3/CertData/L/L259.lean
978e42092a40263b2b6bf2d79c4b432ce501ddefea4145cccd34acc0588022d5  FrogModel/D3/CertData/L/L260.lean
16933177c8f1393dad84f73794d3c682f859abee2f08603bff3b018f80dccc7e  FrogModel/D3/CertData/L/L261.lean
55b28f13505ec391e1fc7ab4b8177817aee403005c1ede02bb0db00c8d297988  FrogModel/D3/CertData/L/L262.lean
1dc553c029536023a1e5967fb1c9ad3dd03aaa9fe80c1ebe1792a5f1bfef8b53  FrogModel/D3/CertData/L/L263.lean
b8526a84faf928452f5567300464ca3de439eb65dda873d7a22af573c1531b4e  FrogModel/D3/CertData/L/L264.lean
91b9f598662fc1da730715c0d59554d3e4a5ad20e5b57bbd1d046ba1c656980b  FrogModel/D3/CertData/L/L265.lean
8cff1bfac78f538968b63f152fedefe2969d4a54772e21a70284094c93e70e2f  FrogModel/D3/CertData/L/L266.lean
6b92da458e9a5b88594f9d9585d2f1de5e7ead8dc5522a0a07f0138687f9e757  FrogModel/D3/CertData/L/L267.lean
e93934a161639f1de176488d45a629a73952a832c6198b591e6189beeca44492  FrogModel/D3/CertData/L/L268.lean
8deb6fa83ee3e8113b07a09a0d54ca0a48e6f7c931bc1e7939f6324bff33f345  FrogModel/D3/CertData/L/L269.lean
1e16c029cd97c3cd28886acdb5487b319b84da7adfd2a3a2fae50a88f711d2dd  FrogModel/D3/CertData/L/L270.lean
0ed376780f3dd60d931914356e83521b7fca77c1f63582ee87058ef7fa2829a6  FrogModel/D3/CertData/L/L271.lean
17eaeeb78d01c3c04d325c9ce859439be30e05de8e689c6c0957237caa320991  FrogModel/D3/CertData/L/L272.lean
d8a0a4ed2f6027e6a374aa7336d1a5756a757ae70cf76bba75c1bfaa85d8ef53  FrogModel/D3/CertData/L/L273.lean
f8e3ed65b019bea9d94b25829a2f127119974abf535b87d362a1eb035dfe6fd8  FrogModel/D3/CertData/L/L274.lean
adc341132977cb20d2f355da7467581a865a446948cb6bcb9933cfebe7e4d2fe  FrogModel/D3/CertData/L/L275.lean
2af987027dbe6649bbab6a1294f79a02202813946f2a5ca9bdc5c1d409f7c4c3  FrogModel/D3/CertData/L/L276.lean
04ede23bd7a5dcb8b21d394138cab7054a6445bd4a5aa14a2173011e4d0328dd  FrogModel/D3/CertData/L/L277.lean
1d7df276e7016286e0c6e1534ac0ee1ec08900db5979846f369370dfc4f8d135  FrogModel/D3/CertData/L/L278.lean
8aeec94e5dc73bd2cc5878a3a22d2055358822979a0d9a5437f22f7fac7e660d  FrogModel/D3/CertData/L/L279.lean
6cbde4856a2394a389f58107c6aa4000a072d58e997eb9d1e24f96d421b11e6e  FrogModel/D3/CertData/L/L280.lean
d48a47d9211f17e59393c4db30df72d46fb40a690177c9ef89526b21ca38fb7a  FrogModel/D3/CertData/L/L281.lean
4bb876b2989c4af80cbe4a4e5cfcb2a93055d892aee22faf0ee401b062c38d51  FrogModel/D3/CertData/L/L282.lean
8ee14a98109e6bbf7e2730e5431f316223db115fb6a5ab10ca820b9055b8e399  FrogModel/D3/CertData/L/L283.lean
041338df8ec9a18c3e37b32be99ef807b0a9599f32cee71d28fa800bdd66658f  FrogModel/D3/CertData/L/L284.lean
35a9062193fe648dd6de83864398e27649bdc0eecb725d872230c54d6007fd88  FrogModel/D3/CertData/L/L285.lean
566c31770e5bd37b6b351a3f404c5b85912749fa6027a7b87781c73f6c9ad46e  FrogModel/D3/CertData/L/L286.lean
e92c83a0cf39056e379a388cb39dfdeac9b081266b244e9f288c167f29cfe355  FrogModel/D3/CertData/L/L287.lean
fabd3ab0e69fa434a662b5f0edb1263952899b6436f10123fa020c3ab941621c  FrogModel/D3/CertData/L/L288.lean
c9020a58fa14d5a4fd6a799500f235ae08db1609a227a058e4f5eb5f81240cc2  FrogModel/D3/CertData/L/L289.lean
460cdd2e49df32323745498409650e29ae2e442a0448f353cd0b037b235d1c28  FrogModel/D3/CertData/L/L290.lean
76180ca01fa17f7be28f6126a288d8a32bb8f185a630eb933def5bea991f7c5e  FrogModel/D3/CertData/L/L291.lean
cafe03fe9d525af4c0bdd8f3f543c3ce5435d0fb272e850a3c3e3111544e9851  FrogModel/D3/CertData/L/L292.lean
1380950fd628d7e9dbe15df3d7dbeb5cced38318b6c5298daf0e6cc8482b4c92  FrogModel/D3/CertData/L/L293.lean
98f4ce6a3530afd7b64fb9613ab291977347019f4b3c13722bb01d4966aad633  FrogModel/D3/CertData/L/L294.lean
27c6cc4ba4537c6014a70043ba790a962cdb05ec3b16a1b6073c593bd1298ed2  FrogModel/D3/CertData/L/L295.lean
c175f2fe664f95645ac6edefd20c077fbaa0d70d708be0e59a551cbf75ac7e1e  FrogModel/D3/CertData/L/L296.lean
f8fc70cb77a912a25c3078296c200c7b902047b1d55228248b7e9538e732e0f9  FrogModel/D3/CertData/L/L297.lean
3b544fe5525f7b2cbe21e32905ba11d488fe0bd0c08d35889a15f3de9592aef5  FrogModel/D3/CertData/L/L298.lean
60698038e8332f8fea0f52ffd4ad652aa49ac63af3afa8d29cc16e407d1b0661  FrogModel/D3/CertData/L/L299.lean
1bbacf959df92f4961c3a9504cfd2dcccb6f0b20262012e2df73abdcc6a1aab1  FrogModel/D3/CertData/L/L300.lean
8713f71cbb7831086dd7b418a9ded76f2623ee5c34142a5bdf2279275c0b8ca0  FrogModel/D3/CertData/L/L301.lean
06471a9089a17205f23b827af0334ad08cd05f7eb1f40835f51d5ffd3ccf02af  FrogModel/D3/CertData/L/L302.lean
b6691df35a137fc35e300a11d2631302466bc5911043c9be7b57f059bcc88cef  FrogModel/D3/CertData/L/L303.lean
93a8010274b778c926af46a303144f320fe8fcd29584d02283f0d03ea7bdb574  FrogModel/D3/CertData/L/L304.lean
ea624e8d65897f68a9d641491571c73c280a5e6c5f53835da8d343e7280d702d  FrogModel/D3/CertData/L/L305.lean
cc5bec288e3d9b943b180ec7d37f0f24124138509023a99aab2f071614df0561  FrogModel/D3/CertData/L/L306.lean
a71c97fa336c68a6718f1f9e68fbdcc261553994e13d46c6e9c50e598eae741d  FrogModel/D3/CertData/L/L307.lean
162fe3e40d46d7387dafcbeced6794634a3ac1225e855794cda72b92fad8835f  FrogModel/D3/CertData/L/L308.lean
a30c363b8dea81177c01d8137601a4a4429990984de5fe89c9af9e666c3b2a35  FrogModel/D3/CertData/L/L309.lean
8f8d682009f7bed2a23429385b89ddc09de822d1e7d8903f6ac3f3ed00fca65a  FrogModel/D3/CertData/L/L310.lean
4e37636b2ddf58b7bc67271bffa446e8a7daae8d326449d2bb2419305a9f429c  FrogModel/D3/CertData/L/L311.lean
7388c37b7e9b7cd8e8d8e55f250c2c36ebcd89318b4c9ea065a540dc1854b06d  FrogModel/D3/CertData/L/L312.lean
48d5b9f4fb5b165054b4ad1aa90b5a964487207d957680a44deff95d9897df43  FrogModel/D3/CertData/L/L313.lean
56e7e4da98c98e81eca6b24e4ef68bb8f0f6b2918bcab1ab357064c36ef2e5a1  FrogModel/D3/CertData/L/L314.lean
4b900df169a13c5bbe5d89db2371a1c32c44a899505e1596474244ef2da3b419  FrogModel/D3/CertData/L/L315.lean
d7f0cee090dd283e5151ece47e022cccd4a766ded369b4eead8a7f8b77005e30  FrogModel/D3/CertData/L/L316.lean
4b2fc9178665fcd75a3d790ed323426dca9d63f42cb5b7a0e8d662c292b3608f  FrogModel/D3/CertData/L/L317.lean
69f8288c9aacd710b6d444fc75e14948549feb78d3f15cca55e82e6ac4c31b4e  FrogModel/D3/CertData/L/L318.lean
ae30529ca206bf6cf578e1cdf06b4ec3bc76d71d71de86c24f187da72c145ea1  FrogModel/D3/CertData/L/L319.lean
814e2d9b2c2cf70502180d8c8a3b53eaee4b8d81da807421caa91a4c74936eb3  FrogModel/D3/CertData/L/L320.lean
afc43d1df2459764c4773af9ebe4b65961d67cd426506ff63eb3a460a0e5f945  FrogModel/D3/CertData/L/L321.lean
522db8f99a6c4d173557229192a3dc68e8079fcfa0447c49e2c96aef65ce63f6  FrogModel/D3/CertData/L/L322.lean
e805be56b8e43576e13bd46a419cc22a216212d6a10c465fd220532d1998b7f1  FrogModel/D3/CertData/L/L323.lean
2de5c058c87aa1a66a9d02fa71846efbb4bacac2bf73b292e96cdb2a119eb0df  FrogModel/D3/CertData/L/L324.lean
590b4552529b42dd58415bf0326e8a64651ea88565c5efc5306b97fe65c4268e  FrogModel/D3/CertData/L/L325.lean
d9bdbac3936a543b78aa3324c4a5e03857ee3673a298c3c361406d96fda108c0  FrogModel/D3/CertData/L/L326.lean
2dbbb030a00042e35249dafa47f8988c353a755389c9b13fbf2fedd890924c6c  FrogModel/D3/CertData/L/L327.lean
973fbfe9510322a129f8976a6fa21428cf527dfc503e94fe912472e921ff474e  FrogModel/D3/CertData/L/L328.lean
852b4143bdb571d7ee0bd8b211632add2d702f735dcd98ec5cb2513f77f2030a  FrogModel/D3/CertData/L/L329.lean
8d6531533ba902f2704325eea2660370b2bc138a5775f9dadb8abdc340ddc1a6  FrogModel/D3/CertData/L/L330.lean
82615c3cc644c9f940b670d91e0eac4d8847872520247015d2d2c70bfbab30d0  FrogModel/D3/CertData/L/L331.lean
671298ae0b2def4b476fe9e79edcbc8a388077d0868a26828b0bae2261cd06c4  FrogModel/D3/CertData/L/L332.lean
a67a6037812c07afc399763a32f13f7c853cd45e779878d726283b106f00ee8b  FrogModel/D3/CertData/L/L333.lean
a664ce45deaa34d71d46bc8162e09aac3d972a28880f49bdfe2ca62e5f1c974b  FrogModel/D3/CertData/L/L334.lean
4a58c10d0451c32c909653dcf44993d196ada43967bce1ff178a104123f9f622  FrogModel/D3/CertData/L/L335.lean
a0f0295f380ddc2b14e2bdbc5c8aa339da30fc86537a6b8b5cc7034ca3b81c83  FrogModel/D3/CertData/L/L336.lean
ae79e89efe58a6c176e90fe96b24ce08fb295ece741e6ee004c44a11b539b056  FrogModel/D3/CertData/L/L337.lean
d100948c1fe0d5d04aa2528ac8ee7e7d4f1c58eb7a80a404a47a22abc972351b  FrogModel/D3/CertData/L/L338.lean
3182e0fd336364155fea2de5c26b8b72282cb9617212c29aa5c6edf3f718191a  FrogModel/D3/CertData/L/L339.lean
c8ba754ace8585a57adb662ce293c9bb33c5c17c8669a85d1c29b38a04dabf5a  FrogModel/D3/CertData/L/L340.lean
6794ec380f5ce2bb9dd809210db788f4ebf16dd13e31f5a72052cc007e1b9c71  FrogModel/D3/CertData/L/L341.lean
7da5273c9c02e545bcc7beab659ba96e060067171c7c77a9f3501880fc1418f6  FrogModel/D3/CertData/L/L342.lean
ec8c84941aefbe77c17175fc449c0638b3602a662a0c66f6d48a57125c25a479  FrogModel/D3/CertData/L/L343.lean
47d18b7e90cabb3498966d53de2c0dfdab946a59bf244824b79b9573bba0caee  FrogModel/D3/CertData/L/L344.lean
be45531b5617a88d31d78d865230967e94eb0ac0889597ea3f9e9ffff35f0135  FrogModel/D3/CertData/L/L345.lean
ccd6cdf2f86f3577bb2db4c81930616d09513d0084724b07559f0826aed6f473  FrogModel/D3/CertData/L/L346.lean
9fc721aebeae9ee4ea14ed47df15c91a024d811f3604e2682bac382d1208ba1e  FrogModel/D3/CertData/L/L347.lean
ec8c3816bb2264d4069639fe3836d31912db0fea1fac1e8ce22fb158d4f08b7a  FrogModel/D3/CertData/L/L348.lean
a0342c33449121670be7cb3e809270249d14fec1f1956321dd53877135c753ed  FrogModel/D3/CertData/L/L349.lean
4f69618617078c0db3167f842083ef8927754d902e2c6508d2c6000e180b21b7  FrogModel/D3/CertData/L/L350.lean
3c454a9cbee2ca92aa3e33043cf68bea62b936a0c33b3420a4adddee864cc3d3  FrogModel/D3/CertData/L/L351.lean
e9fa6a356b0cb676c9b4fc5e8cf6e0c06ab68a1de5f9e9ca6a94356eef527878  FrogModel/D3/CertData/L/L352.lean
103a149d05f9d642c3aecff97234a92cab2a40c2f3a644ec4ee1418b99659fa0  FrogModel/D3/CertData/L/L353.lean
79c9ce6961db97a90fac4d13eb119c6a03d68c2025a970fc101bb9f20e59c636  FrogModel/D3/CertData/L/L354.lean
b352822ff0cc8dbfb938ab01a224593f107a962f06dc82319acb0d0436d8300b  FrogModel/D3/CertData/L/L355.lean
777076088d30fe3492d5ce634b46af8f84fc911b100155de5da66b2085642b96  FrogModel/D3/CertData/L/L356.lean
22d3a9f5566dfc6839df9b8e10eca47f0843a0eca0c34ff43e2c9c8bb35e54cd  FrogModel/D3/CertData/L/L357.lean
52d2da7b3ffa6cd3549bfcb121bf89af3abc677cd27137d996db240d75474b9e  FrogModel/D3/CertData/L/L358.lean
ec08cb60df984cc3354094c5e8a46f426f6d55a90fb6066a1469a8c91e4c8a13  FrogModel/D3/CertData/L/L359.lean
8492fc1cc55ba6854183268aa3cda0b1cb81f98711e5c9a43cd03f6a22aa15f9  FrogModel/D3/CertData/L/L360.lean
85efdeb5b44827218b06617a0fb80876287ee39418243401713cb54c36748dcf  FrogModel/D3/CertData/L/L361.lean
a61b642d745d3fbf345db0596bc067989230ea5d9ad8cf128c8ac1760738252e  FrogModel/D3/CertData/L/L362.lean
d90c2c30fe5832381eefc408c63e0aba7e233d27853b19a18cfb0fc1e5f5c772  FrogModel/D3/CertData/L/L363.lean
41996b7c06fccccba2753cb1352458618e412c043e3180e7cfa871505575eb2a  FrogModel/D3/CertData/L/L364.lean
f36c73d150374269b74f712944557e482f4c4e78dae3f34fa25b9102b56d1e04  FrogModel/D3/CertData/L/L365.lean
55a92f48e5fd1d764a9f6e81a9321c337a74edc55ad67c51f948bef6d8a8f476  FrogModel/D3/CertData/L/L366.lean
fba973aec2c1cb23b2444e82608c432cf7aa7def477d25e865023354ca47f22c  FrogModel/D3/CertData/L/L367.lean
c0098bc48984f0dfd252ee45db42f3ea41c5e1eaf321b56a2c1e831ed2d17267  FrogModel/D3/CertData/L/L368.lean
6894cda2215efc3eab7070a240bb2f1d2a9ded9ca937dcce70e609ee933f7ba0  FrogModel/D3/CertData/L/L369.lean
a977a4fd7ab5afbf3a490c49da330f54df38ec1e04b9235aaabdc0eee973c1f7  FrogModel/D3/CertData/L/L370.lean
166a92ed90d87016e969ac551e84be84fe2dbb55831692c21221c98bafa4e94d  FrogModel/D3/CertData/L/L371.lean
76832e9965122ac6416ec6d704d8431d4b89cc860d5f0338809098ad927338b7  FrogModel/D3/CertData/L/L372.lean
e736535855e1726d2e6c7f6de7bde8e4879e0dedb4b0b2bd6b338af9258e86cc  FrogModel/D3/CertData/L/L373.lean
b12b275664c6756a39c160955652319419d9fec39c6223a21a9dcf4967b76b68  FrogModel/D3/CertData/L/L374.lean
c6bf184fb3ae341f6ea03b3cbb51d2cb7fb31ac936227d088d44b19a61f2d357  FrogModel/D3/CertData/L/L375.lean
7f030f90100ada305a36838ca1d7b08c239f2d1abc8b84062cc6827fa90c5157  FrogModel/D3/CertData/L/L376.lean
a4b660d5753fcddb0f912821f2090223e78118497ba1aac632063816f04a3201  FrogModel/D3/CertData/L/L377.lean
01349a7e09ed8debae4efa753fa2f9765a523e7fa9b64d9977b996ebc4f42051  FrogModel/D3/CertData/L/L378.lean
2f6c90e29e5ff99d59b2283b02494b9a48a589ce6155877324abd7a1168d7bee  FrogModel/D3/CertData/L/L379.lean
d5558d16491364e119fe7d648e87a5677d2c93ebe57543ab075d281aa4a14b66  FrogModel/D3/CertData/L/L380.lean
1c9cbfb4d728c346845a82afdbb733df9949b4a45fa829e85bba1d04da91944a  FrogModel/D3/CertData/L/L381.lean
3ba8e1cb3403d3004a916331258e84343267fbf03c342de39374035459448b24  FrogModel/D3/CertData/L/L382.lean
bcabf588f2bdb696fd492b196aaa0a6cd9fe1ac96395f7b215772d6afcdc2b5b  FrogModel/D3/CertData/L/L383.lean
5e4e855709a35c038c29ee14c5a933211b156c2950d254c80d85fbcaf6b17e36  FrogModel/D3/CertData/L/L384.lean
f1a3cacb18c063032123b22b57dfa921aa88044e65c588efc24f36b024aa0c77  FrogModel/D3/CertData/L/L385.lean
340e2c7609bf5e295434bd13cbc211fecd679030eda57a3e82a3722d8de1c126  FrogModel/D3/CertData/L/L386.lean
17bca7b7eca954558c6fcdc1b0b0f7f265d548ee3ddc42eff0d194cbdb44253e  FrogModel/D3/CertData/L/L387.lean
eadfcf67ab9b10e1aa68a43e62385916593e3b992e6a6bd1d693d1760cbd5142  FrogModel/D3/CertData/L/L388.lean
6185f3b05b64a6b57f45408b9ba74dd5dbbf815171cc5f05c617986300e17328  FrogModel/D3/CertData/L/L389.lean
fb5e330b2baa7744cb7ef3d5c0e5a8c07049fcfd1fa4674e4916c54e81ce7d5e  FrogModel/D3/CertData/L/L390.lean
f64827827087c4e78505c3864c78e4e576c32d9e1a12098442bd42103345608a  FrogModel/D3/CertData/L/L391.lean
a83515a2630d71af97222185ffcd1f3599e1ec713eceee86a46e41b8bb912dd1  FrogModel/D3/CertData/L/L392.lean
b217d8a61c04bfffa6d94ce6c67e295d46e379594f3268d00f0f50392ff4a207  FrogModel/D3/CertData/L/L393.lean
05170624c96752c6f0caadbdc4aa209c2441798d3a450551d1eb96ffa6124480  FrogModel/D3/CertData/L/L394.lean
f7d3895e9463dc0b59232cab4ea8ab7016f14a6ed0fe812a0e3277e6bddbbcf6  FrogModel/D3/CertData/L/L395.lean
a7c10f80ab7a88004ccb9283768fb636a87c10bc8490ea1785e0517dfa7c91c8  FrogModel/D3/CertData/L/L396.lean
196b1baabb51551313ac464ff6a31f72cf38e839fafaaf96060f7267418f991a  FrogModel/D3/CertData/L/L397.lean
ded32f3267327df57374a4ed31c2d3ae12a355af831ba72bd743f86e502e60a0  FrogModel/D3/CertData/L/L398.lean
4b621d57e5a75c5106547987d303e5761f7d12ee0a1ede96543d0034d084fde3  FrogModel/D3/CertData/L/L399.lean
067234cdbe7896a1d5686bc87f214688e1bcb328161fae3aa5144febebbc8d4e  FrogModel/D3/CertData/L/L400.lean
e77572f8df3ae1b327bc9095eb243962169e82d9f93d61e060d4fb6989fa9197  FrogModel/D3/CertData/L/L401.lean
8380341ae2bef081a1d265c44494ec8094d306e9a15b76f8dfe419434525729d  FrogModel/D3/CertData/L/L402.lean
a20a2fd15fe1887a63995b2416035dcc3c8dd6106735c1883dbcf3625aae472e  FrogModel/D3/CertData/L/L403.lean
8dc1ea9db6fb3b95833830b0ee0dbd8c4c1fd1e146fc631d6058517b63b45229  FrogModel/D3/CertData/L/L404.lean
63e8ebce27540b83d30890149cd94117d51693fdfdbfe75b3098957aba7bf83d  FrogModel/D3/CertData/L/L405.lean
324b19582df18f7c9f7840ee579304067a5c26884f8195e5d1df153067785001  FrogModel/D3/CertData/L/L406.lean
d65f721a953c55cc060383b0813114cfc5dcd3b0b97ba9d7ad5cffc86dc78209  FrogModel/D3/CertData/L/L407.lean
f3191bd57390d8b859c213358217da0bf5622a71081a44627819403882ebcd20  FrogModel/D3/CertData/L/L408.lean
fc9fa62f5a18715de63553639e82b2aea77c44797eefaabf338527232bf1f2d2  FrogModel/D3/CertData/L/L409.lean
5039d139d9c76511f72f85fe37fcc2a036d94d576cfd8bce90bb3acec85fdb2c  FrogModel/D3/CertData/L/L410.lean
4229221768d7c43b7ab7f01a7d4efdad9bf00e6aeb785cd5d54628612963a387  FrogModel/D3/CertData/L/L411.lean
bbf6dd46eb148999e4d2cdad1c75fe2c4f70b89aea333e9f765df6c7717cdb62  FrogModel/D3/CertData/L/L412.lean
9001c05d1d5c4d3d5be573b35dd49d0ea98dfc9c4c3121fe6a247e82b4f8b2cd  FrogModel/D3/CertData/L/L413.lean
344772248f593bf7e5f5825e05db31c101c48998911bf1bebeffcf9c1ecc124b  FrogModel/D3/CertData/L/L414.lean
d286cbae7be46d0b398a9b9b8ef138dcdcc86da6560a7f1af8bf2e92c009b089  FrogModel/D3/CertData/L/L415.lean
6299c9a23ea3c461fa87990d92afa97336cb964aaed3b635aa5ce82eaf1c2e99  FrogModel/D3/CertData/L/L416.lean
c2fb6963989404ebcc275002699dc11ac429c68cb0a9d14e9c2ddf46622ce725  FrogModel/D3/CertData/L/L417.lean
33332483e0ac4514586d32fea1ae3a870b29553fa98336971d5b6e18152add7b  FrogModel/D3/CertData/L/L418.lean
15114124d31751033fcfcb22c7258dea561a30355253962227814cca647b509e  FrogModel/D3/CertData/L/L419.lean
5b0c04e040b563df27986102f94d37c1b398eb2efa8f107344bfb4dcbf6833ac  FrogModel/D3/CertData/L/L420.lean
16cf010b02d5e27aa974944bb58300a130a28a8956944df4654aaac3a892222d  FrogModel/D3/CertData/L/L421.lean
c4a9866b178a4a2498a3813271fc1188c19835c708f7800553d83810aad001f4  FrogModel/D3/CertData/L/L422.lean
4009cc0241e474da9a6d33aaea86827342325d3c63c92342cc145d06f0d8dfe2  FrogModel/D3/CertData/L/L423.lean
fa511b5a1accc48e0c52c3a6607b261d25b97b54fb3c6abb3d1f6c65e93b2363  FrogModel/D3/CertData/L/L424.lean
110d4b2fb00d6dbcc233771da0524fc6af528ede9d40639109a6f1e87bb1dcbf  FrogModel/D3/CertData/L/L425.lean
998fbb8833764feb900dae4fa4a42c901d4d4078a95abddf63f4016b88695db2  FrogModel/D3/CertData/L/L426.lean
6b37eb50bb90cf4bbf8b67013040ea9475bd77df6976ecc87f7359eef0e462f0  FrogModel/D3/CertData/L/L427.lean
38cd1aefb019967a7b7f7fcdb12eadcdb506f3974c9f218f8a1ee7f77b0a6144  FrogModel/D3/CertData/L/L428.lean
b164e1e0a8680af83bb27aa436fd9d5f80bdc2bd63db6e54fe190dd9d2efd815  FrogModel/D3/CertData/L/L429.lean
fff106c833cc7e174dd36053272cea4102baeb70a101f1f45053d1abad72232a  FrogModel/D3/CertData/L/L430.lean
971cbc59ffe82ea60c0e15b9f607fb113c99f121f2e2ecb814aef4d23c7e0b92  FrogModel/D3/CertData/L/L431.lean
f784bcd58c9b2ad9c3a2b4d99ec82172446639f7dc818abe5e93f7fc0a522710  FrogModel/D3/CertData/L/L432.lean
b028c8c8d8f6d840842258efa6d30663d0d220179178f3b8b7319e545ac49f3f  FrogModel/D3/CertData/L/L433.lean
75f4c17152dfe80b70ea55bf8a26e3ce7233f070e8345d2d22354a4a6856b2a4  FrogModel/D3/CertData/L/L434.lean
90d288f6cb5f103f7c2773ddab261f51bd2cd50ea8621f41fe854309043655f5  FrogModel/D3/CertData/L/L435.lean
8334e8f37bfd6710cedd7828d3dd8cd42065c70406ae076eb71a536b9d01dd11  FrogModel/D3/CertData/L/L436.lean
a2a74f987de28e17b070275890c8d5de9489ebb39b14e75995e0d085b3b42322  FrogModel/D3/CertData/L/L437.lean
37d956d847fe6e36907ecbfbaa7f252e7a2f7c06a262e3d6dc33cee86eb953d1  FrogModel/D3/CertData/L/L438.lean
f0dc3af20273b87d060e235792efda296c60c3848f153362c68a3a5c4d327299  FrogModel/D3/CertData/L/L439.lean
36d09ba515970897e3ffc6c9453756f4955896756b0b8ca0f04db311a582a1bf  FrogModel/D3/CertData/L/L440.lean
2c751b7a78cb5e09eabbc7ca08ef8c24c9cf480e58f08546638e4abe6c5eb85b  FrogModel/D3/CertData/L/L441.lean
caf43174aeb472d180bcf5484a5eb19748d19c6494f04e6934529f88d5d27dff  FrogModel/D3/CertData/L/L442.lean
17e80cf6c2869a4a6fd6eb563edd1ef3d5e01234b600b84da416fc0faa030893  FrogModel/D3/CertData/L/L443.lean
8bca9ed5018485d8eff747db098c4e2fb7e11c0e37656a55ef8e457a8f83b641  FrogModel/D3/CertData/L/L444.lean
caf78a863234dec81f33cf772e1a44c25542e0fef99883a7b4e1e291d60b2afb  FrogModel/D3/CertData/L/L445.lean
3bf5ee6da0f525c7bbae62d9e82e94c8a71d8f59395ccc5e5e549949071a9a2a  FrogModel/D3/CertData/L/L446.lean
c1d7d128bd13ab72bd4e72907b3943e083e2283b0c2c1bbc5287cf7f41e7e86f  FrogModel/D3/CertData/L/L447.lean
da300b8e4d49e7c5f3273ad44919a1419f0a93e5dd039f7570ab2d49f1e0b300  FrogModel/D3/CertData/L/L448.lean
426709b6fca080f85c420b810e9043703444e4f3083ab2090827b0c81863eb7c  FrogModel/D3/CertData/L/L449.lean
23433d390cfa180c3906724619740f17d21fd9630b6d826e591e554a581c4d15  FrogModel/D3/CertData/L/L450.lean
70c2dff41c219465394b5882b6a42f5585f2b429a2d0fe132386f600a134f6d0  FrogModel/D3/CertData/L/L451.lean
c97338fd888f65669345d4b49fe2b512b00aab0977019dcbbfe0844d7183b5e6  FrogModel/D3/CertData/L/L452.lean
abb6712bde7672a069df7cffe4fb03f710af5299b9c37b04dd829b974ce0969f  FrogModel/D3/CertData/L/L453.lean
22a6885a78b3813b1f94e45e40961c5821e7e3d400691d384035afebfbff2da8  FrogModel/D3/CertData/L/L454.lean
accebaafa457aefd6b7e406f498bd1a4b567c0c43faf9a840fef627f7c28dcc9  FrogModel/D3/CertData/L/L455.lean
c3b537fc6209e9f399763c77e2fced3df82f1b9f290d7935284d0687af4fd81e  FrogModel/D3/CertData/L/L456.lean
bf344bc411e1761e19effc407ba62b8caa2ef31caac6b53f66103d4b90e022ff  FrogModel/D3/CertData/L/L457.lean
d05395d6d98b33569f588f13654d08b669060c3103ffb1f29d22a2acd24a23f1  FrogModel/D3/CertData/L/L458.lean
8806c6958d8b7c0edd46e004250af2794c7f9a79002463914c8bb277cbe471dd  FrogModel/D3/CertData/L/L459.lean
b28af423cb7672346faca7c8677cef5ef9df29c3b6577d1a9337dce79911b795  FrogModel/D3/CertData/L/L460.lean
4d58e9ec15d16ce2570ee5fce782cd84ad302b5e8106064f930ca4b80ab8f6eb  FrogModel/D3/CertData/L/L461.lean
4f05d006d9eb4c7fafe57c2110548d81cc34e916c6e545dba2efa79a38da568c  FrogModel/D3/CertData/L/L462.lean
b98f0182a094804247f2f99fd326dedf8f3d6f744354032436250efdacc20848  FrogModel/D3/CertData/L/L463.lean
3029e31e6970439f51818372bfc91a5b9b049f05c4a753594207cebb9c9b2f20  FrogModel/D3/CertData/L/L464.lean
4221682edc7e2736532abe1912c268aa4618f48ac88ccc62a47915e528077909  FrogModel/D3/CertData/L/L465.lean
64d593f03961d5540147c0e379872b2f5b7dde7a8ae8161e83a818912227321a  FrogModel/D3/CertData/L/L466.lean
8ab5fe3cd0be7d91e79b8ccf0dbf26ee6e2c86f41965dbd80d5d8f1300559bd6  FrogModel/D3/CertData/L/L467.lean
068d9f680a25d2c45cdcb704d2d72d645ceb5435ab86e322b753599de141976a  FrogModel/D3/CertData/L/L468.lean
f50e3f708bf9cb1d47fe3e0eaf04cfee92a6236aae0861b924a33702434056cf  FrogModel/D3/CertData/L/L469.lean
6ad12cf79bee1086a71a15ffd9cacfda23b57d4e721c1ce02f86f12532e724ed  FrogModel/D3/CertData/L/L470.lean
f098732f6c9f59aaed24d84414ff387f6085a7eabfc36f525052d15c54d691a3  FrogModel/D3/CertData/L/L471.lean
73ed7b7de7f7f4aa64742200d98868355d2a3e03f01203b22d270f3c72958811  FrogModel/D3/CertData/L/L472.lean
e1f0fff2d196e15ff3f61ba2c278cf41034f851fba164ed346a6722c22ffaa55  FrogModel/D3/CertData/L/L473.lean
2c8913349a90f12bd69dc4990fbd2ec9fbdfe4b2c227fd8e42de355b3e5e8bd4  FrogModel/D3/CertData/L/L474.lean
ff5579100dca9a8ab80d9e543521878f12d421aa0110445f69daba5f9716814c  FrogModel/D3/CertData/L/L475.lean
2c44f71a44a0ad063d4d31027a5de77391615338ee320a13eafdaa5d6fecf522  FrogModel/D3/CertData/L/L476.lean
dcfe89141b03bbdbf10c5ccbb161183b6726320671279b91f0ae0abd51fc08ca  FrogModel/D3/CertData/L/L477.lean
849ef5501f775aff84a7ad0774b729c53efb8cf59fb8695a22b9fc63e8faae9c  FrogModel/D3/CertData/L/L478.lean
c24113971819837ea33a946a00da1d5e686e2e4081c7e618dc5e081cdd59c515  FrogModel/D3/CertData/L/L479.lean
98a0227dbe198badd6c3a33915dd863ac3107c86ca112933b3e2358155d74d64  FrogModel/D3/CertData/L/L480.lean
8b1d50d7532db61a6d13d18cb1d82ce3aff25099b0eb6d52b71bae856b4fb3b4  FrogModel/D3/CertData/L/L481.lean
d215bfc96717cc7009f2da1ebc0564f97df33cea1cbd31d765f359d1adf0a931  FrogModel/D3/CertData/L/L482.lean
3049ddad8e1d97fae61d87820ccc1e330b01b5b2ef2ceb08e0c57da1d1a89d5e  FrogModel/D3/CertData/L/L483.lean
33e8bd1c387cc99c827305762e20788402a59878465c7fa2be8a48bc1bca5e22  FrogModel/D3/CertData/L/L484.lean
bff1c1c98c0e8cc90bcdfd9682ec3be3f136c2dc2c8e34b66761d069f4ce100f  FrogModel/D3/CertData/L/L485.lean
5b613a4bc319e1d72a227fb7a94e4bfa7bb461151a57ef641d0195627bf67e8f  FrogModel/D3/CertData/L/L486.lean
13e1bc810d19079d8b69adb6da877ec872683318cdbe503e4389ed185d5e8f09  FrogModel/D3/CertData/L/L487.lean
c506e67a5dba46314cb3e915f1e6762d38c9e78594a866e462a8064c3a7c4ba2  FrogModel/D3/CertData/L/L488.lean
bdc3171fc2a9f2d8c2230d5febcc36eb84b7da1e45a6fc26c8f57b213d384e7f  FrogModel/D3/CertData/L/L489.lean
e8e44202143cff126397163bd5963444685a6833af34d94b31a76c5064af5af1  FrogModel/D3/CertData/L/L490.lean
6ee5633d1dddb78243616fa6c35ebd635e00f39a8d5dced01fc734f8c2e4aab2  FrogModel/D3/CertData/L/L491.lean
2892b076b803afbf3f0d8ec83eb3dd65143cfafc904fa2adae1c3d688f6aea33  FrogModel/D3/CertData/L/L492.lean
300a44663407a79b2c3fb9ebaad545c59995299604ba52b0dbfcd49f2eeeb3d5  FrogModel/D3/CertData/L/L493.lean
8a894b41a1e99c5b64ee985195312038582faab7be26a160d2446cee909e0188  FrogModel/D3/CertData/L/L494.lean
520f7d07be3580ca069b34b996728ff7643cbe63e274b69a7e30408e2add427f  FrogModel/D3/CertData/L/L495.lean
1c1c97b7bef070b7a1fe6402b5e194b552412892aada310070ef95005bfe2c58  FrogModel/D3/CertData/L/L496.lean
5cbfc8f3fdb240ee06f5d2fc5515da00cc9a88d448992b527084c66c3638e487  FrogModel/D3/CertData/L/L497.lean
8f3e551356e4e1982f84171eb089015b8cc633abd1f05d5cb83808d1c41a8e42  FrogModel/D3/CertData/L/L498.lean
c3bd9c8a968d7000d6ddabe3064e7732950f95a9c558c6751ca5d70e3528f85e  FrogModel/D3/CertData/L/L499.lean
455f5f8216811ecd41b5b78264afab83e420cc716123a5fea626199a8c597546  FrogModel/D3/CertData/L/L500.lean
df149d76c5b192dd4f439da7e7538ebeb00fc2d7890c630fe025726b99dad8bf  FrogModel/D3/CertData/L/L501.lean
3eb9ccb1db4c87c3a6b40a9645fa6ff8302a94bf7557fce07a18923cc00981a2  FrogModel/D3/CertData/L/L502.lean
cbbeb5c100452be2a3061bfad5175ed086b9d0f2700c293fc195f1bdf5307a5f  FrogModel/D3/CertData/L/L503.lean
7dd76991e3e21f5d33175879f712444baa25f2b3040bec833294c45998f376d4  FrogModel/D3/CertData/L/L504.lean
fdf50a6c7de9ea2b908f698a18260b9b4f41d189504f901d4e97da62b511a5ab  FrogModel/D3/CertData/L/L505.lean
521f7be9e0648e54a4a9aab1f5eb5a17b86141480f7890e7af837f6fe4a670b7  FrogModel/D3/CertData/L/L506.lean
4372e4f5fa7de9b53554fb3a05051d0573c67d1c69c84c8f1d9c4fbc50067408  FrogModel/D3/CertData/L/L507.lean
87bccdd05f4dec0b1b1cab1c3ee5dd982dcaf9954f850d64ac1587709e1ae4cc  FrogModel/D3/CertData/L/L508.lean
510acce65b2197a19395f49c208d72b0c6cb64cea7e0549cc0a1835487483291  FrogModel/D3/CertData/L/L509.lean
03435056f787b3134453defab815532d18435885195e309c05ff579cec9bb7e2  FrogModel/D3/CertData/L/L510.lean
aa769960b0055c557c7929da98ece286326d5c450b3c1a0a010848663aff6085  FrogModel/D3/CertData/L/L511.lean
67d5a7ef051eb02af3f2587ff13e348832fd5220bd6320ab9a2ba4727783b020  FrogModel/D3/CertData/L/L512.lean
5f648d7ada051440214285f08e3df6e7480119669fd0373ef5473161f70ad958  FrogModel/D3/CertData/L/L513.lean
09047d702f45c2e4e9ca58ce6da46e414a61258b4b3dd9cd2d5b7858666e2010  FrogModel/D3/CertData/L/L514.lean
0f5991eb92a32f8745895fd9c87f4294b8cf59ffbf57ba3a22ccd526117f14eb  FrogModel/D3/CertData/L/L515.lean
147497f4d590abaf572f35e6f91be939e33aaebedf45b28f300e37759b6b0162  FrogModel/D3/CertData/L/L516.lean
e5f0980979e7f16689d86e2fc96ad2d2c0d94f11e3c5397ca4275548d86bcf5b  FrogModel/D3/CertData/L/L517.lean
cdd28876c102dc0675eba52cce2351812b3a36399d5958d3b3f800aeadb0464c  FrogModel/D3/CertData/L/L518.lean
cc123b557227057e4973d7e073c558a428f3790041b419b585f97153b31a2bba  FrogModel/D3/CertData/L/L519.lean
beb7b2b7554ba6b0fcb55c29b4a01cc37b2b49a654a64a71d8e62fdd653fd676  FrogModel/D3/CertData/L/L520.lean
f43147d703fbc13b05159e6d52633ccc05caa59b083d8f9987bb467c0ddde877  FrogModel/D3/CertData/L/L521.lean
64065efbddab71423bfb30d594fd80bb1e67b8f3e3ace488ee2f168dd5ff93da  FrogModel/D3/CertData/L/L522.lean
b84fe9a7ca075310c0668169dec1407beeb07351f3b897e1535110f1dbd53736  FrogModel/D3/CertData/L/L523.lean
0db31473cedb1168f04517d5cae8324454788c04ff0073e82b42948fd84d9eb0  FrogModel/D3/CertData/L/L524.lean
d7b104253097dbee9c159e385d87f643c57008b7178562c648c7975465339d7e  FrogModel/D3/CertData/L/L525.lean
60727d5df33293dd504335c5f1ec5872186f53e1f98e0414d3b39eb7179b226f  FrogModel/D3/CertData/L/L526.lean
28871857805060f00cedce4f63baa90045b6531b62de87898b1a7c449962dc1b  FrogModel/D3/CertData/L/L527.lean
66e40546c97c559cd90e6fd7583a4e9d5d4e6f45451aa5ada0466165b6ca5d39  FrogModel/D3/CertData/L/L528.lean
e23a58e799e2c3fd370d055a89010c7042b5bee358e8bec6140bb96eaa186d2e  FrogModel/D3/CertData/L/L529.lean
55c22abaa0a4b8a02488a5026e32f89dc2b66521e9baeeeaad119ff368dd4d02  FrogModel/D3/CertData/L/L530.lean
15d973639e606158755437dc0c5a94408bae5e9f31bf30ce56b08c34b9130874  FrogModel/D3/CertData/L/L531.lean
a5b13db2cfe0ffc06a5c3f1693b85cadaa20fae405029a33d11251c0994b4238  FrogModel/D3/CertData/L/L532.lean
322c314a5c990fda0cb52ebe14b5290edad87d562161054f8b7012af49fe5957  FrogModel/D3/CertData/L/L533.lean
2103b0c27b43d6eb595bd86933db844ea2df6b3ee13966c140b87253d15ef4a3  FrogModel/D3/CertData/L/L534.lean
6f249de3acb267d0937d68d392a3129d12d7f4602ba853c961aed7c14d5a4086  FrogModel/D3/CertData/L/L535.lean
39089af9c12574d5c524437d99e15720a422b69adc829ce97018b499a144ee84  FrogModel/D3/CertData/L/L536.lean
60dfe6320c1c2f2e44c98a283cff918e2167e4acbc67a884a21e4f2c8b3f0fd2  FrogModel/D3/CertData/L/L537.lean
8580d46c269be9b1be8097f3f23991d9db5d8e3decdd8ec6ede40318fd4c5ae3  FrogModel/D3/CertData/L/L538.lean
e29a3a126ef66b3930be2708c28c971ead978effca98a3783be9b90053e20663  FrogModel/D3/CertData/L/L539.lean
163f71bb6afbf7424e0781f40d6c1aed5a82a5105f76dbd13b44bdb179507ea0  FrogModel/D3/CertData/L/L540.lean
e9455b1a02f92c3b1c7f74bd883cd17cb6994dbf49e9fe52507a52fa5f9af89d  FrogModel/D3/CertData/L/L541.lean
a212501b45db7f7c03533fb0d5548fae718bfc4911dbe52009623777a7559238  FrogModel/D3/CertData/L/L542.lean
15b9691919a58419b28d15e33c760dfa3a0b1930c48c473ff1171dbb2777b269  FrogModel/D3/CertData/L/L543.lean
0e025d647ffe600c8b678c3c9bc1b2b3b0b60386749fc4cc5b13244c8277dc59  FrogModel/D3/CertData/L/L544.lean
12f87024387531b7a21812ebd56b900141c5122814eaee7461257ca08c043f98  FrogModel/D3/CertData/L/L545.lean
7603565db6cdeef84ac28a2caf873533abb1bf8b7b7d8357a0d344949a503d25  FrogModel/D3/CertData/L/L546.lean
d38ec06b45f4fed60f48e8251cba23bec8424ccd922be71695a2b45585c98d9b  FrogModel/D3/CertData/L/L547.lean
dbde721c5aeeccb9c0ac8528bde419edb3c4ab48b1a16977c054130f34359f71  FrogModel/D3/CertData/L/L548.lean
04dac581dcdf22433cfa131f0d125ab7095b34f1da055a4e578d596c2423e663  FrogModel/D3/CertData/L/L549.lean
6495cc937bd2a57b619c57bfb244b7a3a03bc441a0d55279933024a1db9c7492  FrogModel/D3/CertData/L/L550.lean
d13692c40e08dd82d083f38352d4c7ed1336b080d1b72f3e7cf1185f80114fee  FrogModel/D3/CertData/L/L551.lean
b5fb4a25354bc6e51515b898f2dfc4b7329d791a544c5aa5e70dfad8c277422f  FrogModel/D3/CertData/L/L552.lean
97315fe511d1c8cad8e0a702f264dd8ba02e4af6493ba3348d646c4e3d88ab84  FrogModel/D3/CertData/L/L553.lean
b7a038f1d8a040f3c9d362caf60926e1f4473f4441f71baf8356b644b5dafb95  FrogModel/D3/CertData/L/L554.lean
ce979ae77377bc1e5e4cec70b4cdddf6a8f234bea310de829b01d79becb427fe  FrogModel/D3/CertData/L/L555.lean
d82b88e202932289fd963c6d674af0a39a35f96881e0bbbba8d6ec9c107d75d7  FrogModel/D3/CertData/L/L556.lean
55ebc3c51f4f2b6fb255077c70e4a18e4a7bc3f28ca07fb672021048714b4421  FrogModel/D3/CertData/L/L557.lean
dc938d08c78c8f32ccf2f4b3986ae0c1f09f6237107d9057ee7e2d67687d7104  FrogModel/D3/CertData/L/L558.lean
9c9decd697c3bedb615331f543b6ccd811129e154db097215b3a2064fdf2f1ea  FrogModel/D3/CertData/L/L559.lean
071801332667dd77afc550f1d26a2a6271717ebfdf5d9a528373acd4449879b4  FrogModel/D3/CertData/L/L560.lean
6f5698957cc82a1235a6db5c0fd126677e4d65f909f0ff924b02a13ee3d51c08  FrogModel/D3/CertData/L/L561.lean
8cd994b14b53076ce559791aa7dbc06574de6d467fb62404f1efbb59221e20ea  FrogModel/D3/CertData/L/L562.lean
47598053b17897b3c28ce189f073a6d9ca990744e52f0f7ba4debe0acd9db9f8  FrogModel/D3/CertData/L/L563.lean
30c1fe57c28c686c5cf0e2df3241692f77584aff07f211d9cfe42333911266e4  FrogModel/D3/CertData/L/L564.lean
f65f1c7ff9cb1a973afae626a0779fe999956e93d713f71362a00eb4fa0ca1e7  FrogModel/D3/CertData/L/L565.lean
16b7633b9f7baa30b1d3d40f5ac5471f16cdeb7e078e6c64398e22b284bc887d  FrogModel/D3/CertData/L/L566.lean
ae1f82a6f9b0bd1b55dedf1099e81a95227d9dca9b95a520943cc82b74303084  FrogModel/D3/CertData/L/L567.lean
1f174b020b48942752b1f20b6dbf0236e88be009715f57682446b3963059f00f  FrogModel/D3/CertData/L/L568.lean
56cbc76fcc93fba7d5d27531e17fc02bf9117b1955b78f72b0431b27ba196674  FrogModel/D3/CertData/L/L569.lean
7a1f024269d1ec149e21e29562b16cda279aef677dc7531e9e645ce327972fc7  FrogModel/D3/CertData/L/L570.lean
c781d755b4daecae90f0f7ed291add3a40f3edf93b10d0b7e33d048155fda9cc  FrogModel/D3/CertData/L/L571.lean
55652912f0f9edee31b53d6baf16d379412bde9fc2dbc018fb11ae0961b1a8f7  FrogModel/D3/CertData/L/L572.lean
642a6df63530595ac48f36b9da0d8b61d8a9b8e90e4b5229c9099a282fc23a0d  FrogModel/D3/CertData/L/L573.lean
cf81092e094d86bc17f75de0c20cb131c5e40d246d203bd41e29635a32c3b61a  FrogModel/D3/CertData/L/L574.lean
7e05ce30cbbfbc96ee2a24d99afbbb7a40ab90f79ff629c4ff1c8c334853c97d  FrogModel/D3/CertData/L/L575.lean
929c3021a58d8d094058b6f28693d914556e5826445f3b7c6a366e4fcc0ce21f  FrogModel/D3/CertData/L/L576.lean
d5b9cb7d72105c3da8c5160fdf24fc1579a1006a78eac9669871485ca5dc67f2  FrogModel/D3/CertData/L/L577.lean
09700bf401b63b8e284d096027467f6601a658cfe2008a1720c4f44bbfa2f95c  FrogModel/D3/CertData/L/L578.lean
79dcc84972d46d040910dbd555e633d6ae2c8f2440ea40a0be552d5b82c580ef  FrogModel/D3/CertData/L/L579.lean
bce491f1fd4637c2babbe4f74253c2267b1e8476574d54a9bf816a3add35e626  FrogModel/D3/CertData/L/L580.lean
2aacf451d0761bc18f698d99b529a7f9923b2d9c153b895aea0365b41e3b7887  FrogModel/D3/CertData/L/L581.lean
39a80be599e6afbd7c3bf919a0faf2a374acbd67cacec05d1839b18682007572  FrogModel/D3/CertData/L/L582.lean
102b7190cc9d54e5716e22b3d741e9d58c2706d45b2c8682b4caf91c8c7a1011  FrogModel/D3/CertData/L/L583.lean
9a7f8760471e8e971496a9577036a88f5769fbe60223378328321b5075c8f814  FrogModel/D3/CertData/L/L584.lean
b30e31bebc1866dc31704c155a9758d18f4b2dfe92dbbe3054efb734eec5e897  FrogModel/D3/CertData/L/L585.lean
e9c3cb324f07449eaae6835652564e80a43a7fb477d3fbaa18a04324df8b0a68  FrogModel/D3/CertData/L/L586.lean
abe0b48066da60375f668b5d99ead7933b7ed3c522157330fd2ddebe510cb6c9  FrogModel/D3/CertData/L/L587.lean
4c95c94a092346b29aeb36ac4c5ffd236c4786bc12bc5a12472e6cfbd27b5658  FrogModel/D3/CertData/L/L588.lean
25d11f0f7684300750d38ee0c3107b150392151bce8913c62dca41c7de96491a  FrogModel/D3/CertData/L/L589.lean
0f199ce63940f4fd8db9726810eaa4ab0dac4a64c99e2ca6d9da5dc81082dc72  FrogModel/D3/CertData/L/L590.lean
c962f4fc46d3e02e1d85f17762fa276d13c64c5f6ac7d6a426149490b2659533  FrogModel/D3/CertData/L/L591.lean
5bd52240a813cbaba16c4accfcf7abd710b449473a04671a0568090c17ca75dd  FrogModel/D3/CertData/L/L592.lean
93a1522a2138e84b73ff991715d4fd5112d4f057b934abeae9fdbe72c2f77118  FrogModel/D3/CertData/L/L593.lean
481014085ae9a0b93167c12172087b51881fe52c38931c4120c71d256ec63486  FrogModel/D3/CertData/L/L594.lean
be0ff41a8fbe8cd0913b8562b9f78d088a02e00947e9ab4858a542062114ac52  FrogModel/D3/CertData/L/L595.lean
e03fb687d16060a4d68a38fe2a461018245372306164430a7a74822ff0016144  FrogModel/D3/CertData/L/L596.lean
d88269b059bc322ba4c541b59e84dfed270548c9ef21f8dfd6a54cc40a5ba42d  FrogModel/D3/CertData/L/L597.lean
8c17971117f39788da875da42b12c6a1aefd5bcda667e23a692f832340dd6937  FrogModel/D3/CertData/L/L598.lean
9861b1928d3d054514d040234fe1b2575b7410b87be9f3fbcec64b40ffb92f57  FrogModel/D3/CertData/L/L599.lean
ce5fa2c1c9e8bf3ba58ca839e9ca203767dac83803429b299a600646980065fd  FrogModel/D3/CertData/L/L600.lean
63cb85dba9dd1a7e4e77d323a5c0f2b2b2c5d7df11c36eb3575a93396428c5b0  FrogModel/D3/CertData/L/L601.lean
8c73896437cde443ad4a57849b0c2522a72b96dc301d40bb4340e9f614928d11  FrogModel/D3/CertData/L/L602.lean
fc856b056f539d9797adca5177c25eed4e755fe74acd346a74d794a559eba5a1  FrogModel/D3/CertData/L/L603.lean
72d8314f39c1115554dce73c9ae217d30823ef7e6ba3cd7792b6e6eff8ec0fe9  FrogModel/D3/CertData/L/L604.lean
828e3348c7da80ed5bee5f36d9d1e6db2034dcce9f055235823319a0cd284697  FrogModel/D3/CertData/L/LT.lean
232e9c181f386d3fadde34cddd2b1b5c0c32d46d48c682dbf72b719346e42354  FrogModel/D3/CertData/Main.lean
8ad5c6d6e0f41fe93dc17c7270bed3c7c056ab2a44923ebe14784d4b3b7a3be4  FrogModel/D3/CertData/Seed.lean
23a11bb4e2b39d5594e65a192be3cd0303f6ef049e4fe84a32a9ac6e142ab045  FrogModel/D3/CertData/S/S100.lean
3467cee3864cd034bf90dd0313e6d8df31001f6d4581a90e3756b1ed278724b5  FrogModel/D3/CertData/S/S101.lean
2a488e6ede5089d11f599b71276ab018bb56489e82d9f8ffc2e017142ba10cc1  FrogModel/D3/CertData/S/S102.lean
34a11b8614e2cdb39d3ec5355f07b88e9547d85ee25ee1fc9c26137f466503cb  FrogModel/D3/CertData/S/S103.lean
9a36781dca3d8b8e58291bd07d36cca2cbb7611171728575695a13a40fd73ff0  FrogModel/D3/CertData/S/S104.lean
26008dc26d3ba34a23d3526b745d9fb873c5f9a568b46a07d8c913bdea363122  FrogModel/D3/CertData/S/S105.lean
6b55150deb79330b965f0ed93d12aa3cb6ddf4f008d71028f9567334fc57cd77  FrogModel/D3/CertData/S/S106.lean
5a982a3cf6c3d537e89747fe43305666c0fb240905d8dc43353e77125b61bbf8  FrogModel/D3/CertData/S/S107.lean
929dee1b77f367ab3cb47b555d7a53eaac7d32616e368ee8cdb2bfadb3ff45e0  FrogModel/D3/CertData/S/S108.lean
1f6ee2345ecb8825bb55dbe2e523dfe57a2d581716be6245d9441f113c7aec61  FrogModel/D3/CertData/S/S109.lean
5408ee984b45d313e4604d0f4f3545f9a24dc13eb13762db06ca813d9cbea0c3  FrogModel/D3/CertData/S/S110.lean
7f7444fbcc2579949a62a63680f3898347b7c8e2b028efad6bc644bb39e4c602  FrogModel/D3/CertData/S/S111.lean
fbc3fa09a91f688073d3dd69f3433d7f7e63d6b3fac7a633ad3e699562e48807  FrogModel/D3/CertData/S/S112.lean
80e69c8662352702f177388b3547dd1086f26159179871818cb9b92e1615339a  FrogModel/D3/CertData/S/S113.lean
fe1707ede78a998507704fd7c3215b2873dea0568c4e0d2402052ab714a2e129  FrogModel/D3/CertData/S/S114.lean
e826a075d6833abb4c9a9c77e13d9012a65389c1a9cdfe793328696d0c90e076  FrogModel/D3/CertData/S/S115.lean
93124e6434a7fb6fee6ae362a74bd496e22a0fa8211a54f58b2ba9259dbb9b7f  FrogModel/D3/CertData/S/S116.lean
28af1a6d6c27d5ef66f69c37e49063f257343a498b593829377d55984d7c8011  FrogModel/D3/CertData/S/S117.lean
391b6c683842975579767e3cd37816d5ee4cde736805066e0ce39b7746626734  FrogModel/D3/CertData/S/S118.lean
624b085234407e924d432ee0b7cbb1f69111cb062f951c60239ce3d28a233c00  FrogModel/D3/CertData/S/S119.lean
531944de0faaf8af9ab61cc83c2eccc557b0e0e1fd079e92aab6ec5604e05ae5  FrogModel/D3/CertData/S/S120.lean
2c50742f4689e47a7d598fbba7bf29e348bf061e13d88e170079c2cd1d4fddf4  FrogModel/D3/CertData/S/S121.lean
73119391eaa807b3e492c3bf2a6fc5b3a54bad9d7c731b9c3ffccd97f3421247  FrogModel/D3/CertData/S/S122.lean
1a9a093f4b8fac63773dc5093498534eecd446875eff29759511d43b01b670ea  FrogModel/D3/CertData/S/S123.lean
3b8dddc20157ecbefe49894bb8a37506cde6579a88cbec24230922006b5593c4  FrogModel/D3/CertData/S/S124.lean
6d6a026765c53801956302ff8de5e3021b9139a70a7c889559964abcd8aae07b  FrogModel/D3/CertData/S/S125.lean
3f9e234a6965c7c0933ed47e472b7c23e029a1ea74df2ae4dbfb56a7c15b8faa  FrogModel/D3/CertData/S/S126.lean
a72a2693eeec299c3328e39722caa4db4a1ce543cdab085b1084e88bda802ecb  FrogModel/D3/CertData/S/S127.lean
f09e0ab7797dfcedb9e172820f977c3e8e7da1df0da9a6b5e03db1a928d50766  FrogModel/D3/CertData/S/S128.lean
735f206d57b3b78dbb15a49c10460f474b07e29f20e991409d5c68c21f1dff74  FrogModel/D3/CertData/S/S129.lean
907d056e31f7dd3dcf566560b68c3796a0cfd85c184549858b4ef1134ebc4d8d  FrogModel/D3/CertData/S/S130.lean
e4388809b9655f29eae0d8afe10524f71ca13c953fc9ea9db5be28c10bff0b7c  FrogModel/D3/CertData/S/S131.lean
0ed667d387a6b411e85d2779eae19bee291981d29ecedac34b65b6f66c1be6e6  FrogModel/D3/CertData/S/S132.lean
812563774028dfbd7fed04419199f29209f65ba2ba999cb39a079db774a5a43e  FrogModel/D3/CertData/S/S133.lean
9285ff1450e7c0fbc678eff226325351db3f14aeddbe935448a829a98ea727b8  FrogModel/D3/CertData/S/S134.lean
ba8ff6aa37c4ffc92791168297a799229d9231a86e6a210082c832571cb21c3e  FrogModel/D3/CertData/S/S135.lean
407b43df45655fd15e47f8bcd2803fb8672a378af4a1bf018e782153d74690f6  FrogModel/D3/CertData/S/S136.lean
e1a0128e4017fb1cbfc792e71f620e0634c088a785bff6cb6a0b61123ae159a8  FrogModel/D3/CertData/S/S137.lean
72819b0291a2e7814379fb7757de665198acc559b745f2b080cbf37a28f76e55  FrogModel/D3/CertData/S/S138.lean
1e5d6e3fbe0306ac62327c5b9749fa72873b593139b02efc20f878a0f4d9d872  FrogModel/D3/CertData/S/S139.lean
ab9514c58d09b992453278b94a044ad786be171bf838b9c8bd86b4db350db475  FrogModel/D3/CertData/S/S140.lean
67683db81b82524c6f8423ba8d3891a4371df198dfcd178e79cdf56609b5503e  FrogModel/D3/CertData/S/S141.lean
208cfb98eb4454bf5c4f17be86c701c30b4791d07541004070c35a247cb2f70e  FrogModel/D3/CertData/S/S142.lean
8a053475b4884296443e7ee5e9b639995601f20d3f33c9440edd1f72869b1f91  FrogModel/D3/CertData/S/S143.lean
d45d8d6886ed2b7c66db0fbe9a94e7bf5b33aa2f966fd28c01fcd0ad0f679e84  FrogModel/D3/CertData/S/S144.lean
d0ae6923ecfa1d9b556d1d64bdd4425c2e0a5c97942bac59fcb71e21764fde4e  FrogModel/D3/CertData/S/S145.lean
6724ccb88304d31941ee5478da045c1161991ebc6c7cdcdeb6df8f69c41f4d6a  FrogModel/D3/CertData/S/S146.lean
356ca91d5d853c88c6eca78290cfb509780711f5213dc3625a2a4e338326ae35  FrogModel/D3/CertData/S/S147.lean
78342348b69a2c21052806563825dfe424870b076d9bf017af3e9bf9d350a579  FrogModel/D3/CertData/S/S148.lean
500949a4376f0f54e8d023b9e906be0ea27d5ee46e134a91af6b42a4f8dd275b  FrogModel/D3/CertData/S/S149.lean
5801268f4187daba3fd7f80cea4912b25fe4e2e4854850e22352ff72694f504c  FrogModel/D3/CertData/S/S150.lean
f40ad40a458f82a2e663f371997056af9d4a88312fa72cb72ff254496ccf5949  FrogModel/D3/CertData/S/S151.lean
badd48cb791335d82fba5ae81e252d024509a6608816e48bfdf588c5423f7e69  FrogModel/D3/CertData/S/S152.lean
f984d6fbf70c3378aa71a945f59bba4195377ebadec54bfa3e26dc4a59f28bc8  FrogModel/D3/CertData/S/S153.lean
0532491c44ad1801ed8b5462d1eea45ee0c84a3a1ccaa5e0e8a31c92151639b1  FrogModel/D3/CertData/S/S154.lean
9ad470c0bf3d7e4d2645e4592d8b7dc4c0c05b9cd60ce47412667fb3ad54fc86  FrogModel/D3/CertData/S/S155.lean
7b24e1f51a116c4298656e0a7a4631531bd78606066bb85b6dd751d68d20906e  FrogModel/D3/CertData/S/S156.lean
a6b9da0d31e5c11e441d1629e8f4c4e29a6b14c4b8ba8507941f0547176b2973  FrogModel/D3/CertData/S/S157.lean
24884e834fdbfb6633f961b0b245962331f00b04d1bf43ffa57623b13ab8785b  FrogModel/D3/CertData/S/S158.lean
89e9be544cec80611d984ff75832a29f8965b5a544b2015f9d51c9ccdab280fd  FrogModel/D3/CertData/S/S159.lean
da0a4bffeef071d13d4d8265790f160f9ff4d8521df95d361a0eda5d5f80429f  FrogModel/D3/CertData/S/S160.lean
e0640325ea2b8ded3cf146259ba68eb7dba3f3bc618f123d2f311f67427ba8c8  FrogModel/D3/CertData/S/S161.lean
cb0a2207e279c43dec3cec1d988827839af46ebae2d27b499d7135ea077a9c38  FrogModel/D3/CertData/S/S162.lean
70f225b9ce98093402894e7e1151ad353da44b9fa75d469ddcbd0a2599ad2821  FrogModel/D3/CertData/S/S163.lean
4725f781c3e129b027380652caccf61cdc8566eee396ba3b0c97897939f9563a  FrogModel/D3/CertData/S/S164.lean
88ea602308839df0827c7f4e7443315d7abe1f098ade7f6bec649d4b0bd90ede  FrogModel/D3/CertData/S/S165.lean
9a6037238a06ea6269bad2a2847815e063ff49828a32fe3b1157aa813eaacc51  FrogModel/D3/CertData/S/S166.lean
020516e3c4a7f4c715a4a83b0ce64b5a4a98d8d4a4dfadcd2251dc26e15d27ba  FrogModel/D3/CertData/S/S167.lean
a91d6ddb87a8e84a2c19f17dc89b74c5e94df9a6e28a961fdc9784b9bc984fcb  FrogModel/D3/CertData/S/S168.lean
bade1eac0e613ea4a45e1bb2b6945d716f55a3c6901ccedda0889cb299799742  FrogModel/D3/CertData/S/S169.lean
d1fb98b7e3eaf9548bdff75d432c21cc87938a598cab6b0511af5f978593380e  FrogModel/D3/CertData/S/S170.lean
4bd4d4d8e7f878c484df29308abb6d80bab410c2f5c98de989083ace2eb0871c  FrogModel/D3/CertData/S/S171.lean
55d0a113c47cdeeb78177a2efbd9add925ce58c1ee216168da7412d571958a5b  FrogModel/D3/CertData/S/S172.lean
25153c0dc8a259c6a99fe2fc440b2ebdb29680b145330ad826fc058ad282dc3a  FrogModel/D3/CertData/S/S173.lean
9214f22566b9f91b80be8b1d8d8ce51f8436e2eaad1da0c7cc49e00a83ecca75  FrogModel/D3/CertData/S/S174.lean
2e18e0e79ffcf981a15429b6b63420097460a92da5d31fc705a920777976737f  FrogModel/D3/CertData/S/S175.lean
848aff42da423533d3619886f730aefabb912f339966e3ef62b726f52809d3ce  FrogModel/D3/CertData/S/S176.lean
4ec1e40863def33aade42c78d0a65ccf727b2d2bf2bbd08cdba93ee840c1dcb9  FrogModel/D3/CertData/S/S177.lean
8143693abadb56d38c7137f6634d3a7879e6fa6c959e1934714489e4818c64df  FrogModel/D3/CertData/S/S178.lean
99facd269ca24ab7d78f5b68894712c1585de8a767967ad88931360c219afe7d  FrogModel/D3/CertData/S/S179.lean
a78e52f1e08a1d0b9719117e6eb3857d78ecb9108dff2c9711ccfd51ee3e30de  FrogModel/D3/CertData/S/S180.lean
ad285c48d8372e3efb897f85086b3d140c73ecc3f094bf963dea881f0e708b7d  FrogModel/D3/CertData/S/S181.lean
d136498c69edfd3b737327dfcb9c144748122e34cd631d782c5280d64597a4fe  FrogModel/D3/CertData/S/S182.lean
20a3eb25d4cac9de088962ac9494ca0c14d235b2091d40fc7cd17eff691e1572  FrogModel/D3/CertData/S/S183.lean
758386a799007acff6dbfce3c0ee09bcebfd1561933f7b761e24ea5dd8c0ec90  FrogModel/D3/CertData/S/S184.lean
22b0849a588995507c4654968b77234097245b32e3f7c039b920887ad7031143  FrogModel/D3/CertData/S/S185.lean
e8b8e5f653989d86e187da6ee681633929bca3a58657f98062b633902c0282fe  FrogModel/D3/CertData/S/S186.lean
4d2c355e0b6d06f2b048b90112ee01c57667118c98523920ae34f896e604c75a  FrogModel/D3/CertData/S/S187.lean
7604a4123735f9c64fa5501daa9e92ce805387f7591963b6cbb76aff9e3046f7  FrogModel/D3/CertData/S/S188.lean
d3feb97df0c994248831fe5b8a9998e83ea32df9abee0b4a386dd5ac748493ca  FrogModel/D3/CertData/S/S189.lean
1a26d90278691693f3db4258eb250d0e4fa2de3441fc48b9b8c1b28cc581b532  FrogModel/D3/CertData/S/S190.lean
d3e9b785fdd25bdfacb50648b8058491f387c62d14f4766780b95e889df13a1f  FrogModel/D3/CertData/S/S191.lean
bbf0b66668ffbe6203ad62fcc22fba483ebca95bdad895bb58c3da9db7732c7d  FrogModel/D3/CertData/S/S192.lean
e282886f76db7ca34a03890507c821089bf76e4b1755a8597a8231102dbb0725  FrogModel/D3/CertData/S/S193.lean
15a54839f05dc3f89ec4db5dc38b2fefe3549cfe163a8c38bdc2f08a66bc7d74  FrogModel/D3/CertData/S/S194.lean
5b2a18b265f0af8170b7b65494054f0e1d64f13f90ad8b14e5b54a04e334c986  FrogModel/D3/CertData/S/S195.lean
9acca0dda25b64452113bb90d41ecdcacfbc7bab42e56e6d65dfdfc3a2d4c274  FrogModel/D3/CertData/S/S196.lean
5a322a08a588d7596e614c18c7a6cc186462ca54fcdc287a83dd3ce5a5f7ae19  FrogModel/D3/CertData/S/S197.lean
d165326f277eeae563869d60226e5a74f4536413e39d2c4670328f94f7349722  FrogModel/D3/CertData/S/S198.lean
9deaeeb552a36a73040732e1c148f1bd1020e8402d167a6712c129cc207df518  FrogModel/D3/CertData/S/S199.lean
4cbc4d3e51da74ba8d145f13065d894b4f6931d465365a87cad57e4d31d32313  FrogModel/D3/CertData/S/S200.lean
ed9f7f459ec0e1a9442d2382970ee2b56521ab6a0f8fd84ac85d826073186d87  FrogModel/D3/CertData/S/S201.lean
5d7019c64a623490b256f8c92229381bac269aec632936f13a434532c262ada0  FrogModel/D3/CertData/S/S202.lean
fb624f5b24163a6c22d1fbfb6e54a2c523ec3b95efdc8d0bb6fa1280a1d3e5ee  FrogModel/D3/CertData/S/S203.lean
e0c4cb36f04b753fac322ff9f9d1422d1603a8627e82745a01aa2c8bcdee6ab7  FrogModel/D3/CertData/S/S204.lean
b2f249b08a36c0cd24d4bbb38587f0387830e6bebe0fae8b29690ff20adbc7ae  FrogModel/D3/CertData/S/S205.lean
a2652ce94f27c2bd565f57d2f9caab1b2c2958fd96216447e3dd05ee4a9347a6  FrogModel/D3/CertData/S/S206.lean
5626df0f825f47cdf27e760c33f14332727403ac3b909b30fd816a0e9cf585d1  FrogModel/D3/CertData/S/S207.lean
5ccf8985145bc3de485bc88bdf342f00a35e538d1e64a222090f06c4636ccea7  FrogModel/D3/CertData/S/S208.lean
a24499ce53482f5b5a3fd9cf11f7499a7205ca30ded1e49bcdfa4f6df0242278  FrogModel/D3/CertData/S/S209.lean
0d60f32210097594aea6da42d1b2cdd6820aeb894bb9b1631e064d87c3819dd8  FrogModel/D3/CertData/S/S210.lean
56a17e81123f7b7a1207cd7e60c9e52f87d15dd260db6a5562df6ea027840951  FrogModel/D3/CertData/S/S211.lean
d43eb7c2118a6e0e9f312653d5b0dba1b6b997e046c30b57a20e92e8757fc930  FrogModel/D3/CertData/S/S212.lean
e1621e88bf6bf4aad1b917fbf0ea68d8f9d8a8a4a852ea29016cb134319aba29  FrogModel/D3/CertData/S/S213.lean
c4ea031c9797716184fed1bdecf34b58cd67e6e4ed99e23ef184a246466a4e6c  FrogModel/D3/CertData/S/S214.lean
79218ff2ec9818ecfe8f1a30c915dbff041ab615526e99c97f7aa95947b17a8d  FrogModel/D3/CertData/S/S215.lean
ce87e18b7aba3028c8bf3952ecf5248726f6b651ebd1917213beac68bc2cb2c2  FrogModel/D3/CertData/S/S216.lean
8df6177169cd4a3397b062cea4af4846e05d70e9dd8ca081c73338b9e4150427  FrogModel/D3/CertData/S/S217.lean
3382bf18ffa8c389c2dd584cabb2c4996c8c45767d524b4c247a11245d1993d2  FrogModel/D3/CertData/S/S218.lean
98abc0a6e0547170dd73f17df37f6af3028f6997814d1c0ba072b81aaffdd022  FrogModel/D3/CertData/S/S219.lean
dbd3714ade3abef5be6ed3edc878ddfc7c3e8d92991b7328344d20219d7b83bf  FrogModel/D3/CertData/S/S220.lean
6a0fa2f60794b342913e09855f58c7645417eb54dd8cd74ee35e9a64243ade7c  FrogModel/D3/CertData/S/S221.lean
c5a92440fc45558224fbd424d6cc4a61ae84da72d1d6ab892a15258be8d1294e  FrogModel/D3/CertData/S/S222.lean
050628deb340f1ba4bfa3b62af06f6bf969fddba3c6df6014ef73d1084d5ef87  FrogModel/D3/CertData/S/S223.lean
82b059ea1147eeabf82d32aef806a7b26407ce085845e29967e9c52546004632  FrogModel/D3/CertData/S/S224.lean
1739fd0e8a18c922f700a16fd91b8f4aa34a916eda6901900913edd80fc09f12  FrogModel/D3/CertData/S/S225.lean
accb64b698e0445a2fdb7dbd55853de0a39bdf9a5817d55d03b26d557c24f697  FrogModel/D3/CertData/S/S226.lean
dc610eb3bde53225f212eafc9358c08ec5b58334eba138913d69d0f8e442f243  FrogModel/D3/CertData/S/S227.lean
de92d54360a0047f02b6b140fdfef3bacb506d6043f081f18844d5f7d6eb6a02  FrogModel/D3/CertData/S/S228.lean
5eac5172de7344f1ae2d94cfbbb0ec304d2083a80d8ac90bf094d04d5946d9d5  FrogModel/D3/CertData/S/S229.lean
2983b01a14792ede361101233e2afffeaedc0ed3dfb5e781a3955c9ca18dbf7a  FrogModel/D3/CertData/S/S230.lean
732b07a1b75412e74f21fb050032b3f40632bf81cc522c138aa210a5f30aa9e8  FrogModel/D3/CertData/S/S231.lean
19502e8e8294f7e695444115f2b78c64d2667ca994665627d3536390fc454f5f  FrogModel/D3/CertData/S/S232.lean
8872cec3005274df2ea4797cab7bfd5a3bf963b2ec8386b402b01a46280cb097  FrogModel/D3/CertData/S/S233.lean
4356c967643d4ea3863c93b027739108b9d5ed303080a29edc54836ae231a4af  FrogModel/D3/CertData/S/S234.lean
398fbe99bc1009afacc1f0547e037e0aa89ab3727df84a84fb784f35e98a751c  FrogModel/D3/CertData/S/S235.lean
4928448eb2baf35076007849d9160cc9d02eb018524bbb63f22a5bc1c3cb1694  FrogModel/D3/CertData/S/S236.lean
51f9629daef9bc46a3869837dcb23030f86c846cf4c5a3f4a6888b8e809c2d87  FrogModel/D3/CertData/S/S237.lean
b78484b4dbfdacc3c8e32c9eff8885174dc9d17e66d8b9f93b4aa1d44a8c2d48  FrogModel/D3/CertData/S/S238.lean
6d442dec41e49a519a251b853a6b23d07051afcd0929ebb683144fe775c8a587  FrogModel/D3/CertData/S/S239.lean
d1046bd13087d95eab7b2c6a7d0796215f93761b37d72fd958d556f5b17bc690  FrogModel/D3/CertData/S/S240.lean
31d4b8ab7ad3f6c847524539874f0948cda4c06d9538e96f0138fe59fef987c4  FrogModel/D3/CertData/S/S241.lean
0e3b278120dd63b1945999878e3aca3e04e12bff6f5b8152631ab2b3190d4963  FrogModel/D3/CertData/S/S242.lean
41e963a6f61391a9ce9e8724a2843841e54ebb2c97d25890eace78ff2c6c1be6  FrogModel/D3/CertData/S/S243.lean
b28368338406e4e2943cafaa841337e2985cd5358de403ab7f756635ca27ddc2  FrogModel/D3/CertData/S/S244.lean
5dbdf6cb9d09b3c5c7af9637b3b4597349c33ac9b3e1002ff948a09bde2902e4  FrogModel/D3/CertData/S/S245.lean
2ce9b05225ee4326ce982d7ce6e77028591bff75315c476d58b154771cbefa99  FrogModel/D3/CertData/S/S246.lean
01cd61ba8c1291e46dfd18436e817ed13b09055facc18d6a3bce3000b59b23c6  FrogModel/D3/CertData/S/S247.lean
09eeeaaacc057c1415e3f7b3fa23b180febcc502e3bbf68c77c60ccee94ba47e  FrogModel/D3/CertData/S/S248.lean
4446a4b6680c927c206a46b250376a92c31b91f5393675eb6b5b1af08b2480ef  FrogModel/D3/CertData/S/S249.lean
458bfa52dd18baecd1d29382cfc647e8a0c8aa24b48569d0a332d035d9a67da5  FrogModel/D3/CertData/S/S250.lean
22e6668ed7fc56d78111fec2b1418d4533638342998842ca8f1d4fb1b32c32ae  FrogModel/D3/CertData/S/S251.lean
fdf78d2744193b5b39d1e0f4c632b83b2182a279289780e9c371881357797927  FrogModel/D3/CertData/S/S252.lean
90ef2b9c7cb9a8a8de7bfe24535490cd1838b6803bd7e5d5f8116de57d4dce42  FrogModel/D3/CertData/S/S253.lean
3924de5778cee04d697b5c8d17f207948c59f894cd353648ef7fc144255ae860  FrogModel/D3/CertData/S/S254.lean
9a3229eef8b8c3fe44f1af42e9fe31d33340d7fd851cc5f54ac190aed323b8d2  FrogModel/D3/CertData/S/S255.lean
134b526c25c84496cf353a2d205ff6d0efdad88de4975540af5fd32195143409  FrogModel/D3/CertData/S/S256.lean
f151a330e07a7fe89e966df6c2bc8a837b9db92e2ddfd9afe77e498f2a7234eb  FrogModel/D3/CertData/S/S257.lean
3d814ffc77acd7841e299b628e8079e4a83b5a1eff81daa038430d81717cf33a  FrogModel/D3/CertData/S/S258.lean
bcba20d8ce79a32c2a69316349e3734bd0bed76bfd6913c5c1de7ddac4e1df52  FrogModel/D3/CertData/S/S259.lean
b476b30c29f2d4516c8a8fa926b4cd759a12687c494a1d6de505c7c8c94e4b16  FrogModel/D3/CertData/S/S260.lean
29b80556c2d38f10b2e68595a2560b40d4b7329287bbbde764506b3299201b5d  FrogModel/D3/CertData/S/S261.lean
4158bd3d1e1606d53b088e9ca59fa73d7a51adfbfcbc1f24525e15cf3e444d7c  FrogModel/D3/CertData/S/S262.lean
602ea3f1c45eb5e2816901de7766b7e9c81ec76ef9b64dab2611da002932d062  FrogModel/D3/CertData/S/S263.lean
d41f71b6d65b38872a96582f2d3b1c1f94bf9c4c430274e93afb82b4de52f426  FrogModel/D3/CertData/S/S264.lean
2f77218f7b3b03dfd696c8316cce60d2bd65c3adf2aa31bf7ad0748494b735d6  FrogModel/D3/CertData/S/S265.lean
6726e21f917eaa49c5ac891d5dea81c5abcff89f4c8adfdd313cd0a0759956c2  FrogModel/D3/CertData/S/S266.lean
cd43dce9d8eeb05da3b40669eb90375d1dbaaa48a0864288fe680aa923226e72  FrogModel/D3/CertData/S/S267.lean
953df546cbdacad5b34cddd5d2531864763cdc642716e1df72dfce5cfca00d05  FrogModel/D3/CertData/S/S268.lean
b28f724e662c7cc3489d005e39d486288e6f48ff5e97eded5a62409bff29a92e  FrogModel/D3/CertData/S/S269.lean
f2e486b746177f78a5f8ce98f1be80328ab0c8f49f90ec4db2a571cfa3ce8d6b  FrogModel/D3/CertData/S/S270.lean
a7f13c25825e96fcf9b5a976bfe17659a69b753a2ef970dbf992e43bef4f6e52  FrogModel/D3/CertData/S/S271.lean
9a095069f3b0f94ad1a594613265fad46dd2034476a4f790f92957bc29b85589  FrogModel/D3/CertData/S/S272.lean
03b26f0f4e4b41aef09b5838e540be7a984f58964768ded9b7a53f20616cd8a7  FrogModel/D3/CertData/S/S273.lean
766d2c4448af59ac6a6539f35c6d3bc46c647e544052d374d3276a6add009312  FrogModel/D3/CertData/S/S274.lean
07a863b7dd04f0c3f341796b66c2c1ae8d66a1a5fd3654113c8e62232a929801  FrogModel/D3/CertData/S/S275.lean
559e3545b56e74be4f79e2ad3f704fe25629acea0caadabc2adfc5f58e011f9c  FrogModel/D3/CertData/S/S276.lean
6777e45707cbe0673b33a750b5e96b3aaefb111317ed5d00c710e39cca7e62ce  FrogModel/D3/CertData/S/S277.lean
acfae3128acda5665b4c83476de33012d181808fa9c4a1b807daec5c3eaeccaf  FrogModel/D3/CertData/S/S278.lean
ad3ed37bebf2de771b0f352dd987bb10a0a0d985ad8940d61721e3bba80493c7  FrogModel/D3/CertData/S/S279.lean
9f2cb7caa922b9eaa3c86175ca69a8bee5cfdda866eb0b986db4421b44204d17  FrogModel/D3/CertData/S/S280.lean
ac7d72c3cefcf53e9800b69a6c4e2f378f64cbf2a6eaf2d4acc5ee3d523b7338  FrogModel/D3/CertData/S/S281.lean
0e12bbc5a003f538a4847f0ec76b18322ac896369834c87a64f258b76be3c0a9  FrogModel/D3/CertData/S/S282.lean
e8063fae61dfd0ee41f8ff44fadd1234806e8874afd7c860ed3295088d31a6ea  FrogModel/D3/CertData/S/S283.lean
5b7a3fa43fb4133eefc0b3d50dcc1b1580959eead16f19a13b570e755ae6bf6c  FrogModel/D3/CertData/S/S284.lean
71d06083268fc641bd7d7e106cf8d5cd1b0b35e808a6f4c34fcef4ee1553d3c7  FrogModel/D3/CertData/S/S285.lean
aa6f250eff0ddd49ba6031f405032e107c801c8f0e3578fd87ae7c2d5d9f7c48  FrogModel/D3/CertData/S/S286.lean
2b130c17284170b7e8c946c767b1de9839db476ed842f4130ed23d51392ac113  FrogModel/D3/CertData/S/S287.lean
a7ec1e1f709fb71da753fcf481bc2d40bb5d9cf9b31233accb2a40caadb913ad  FrogModel/D3/CertData/S/S288.lean
a3b0d2e710c8894768d349ff7fc51fea1260c4bba56d8fd9a789f7f336ffa69f  FrogModel/D3/CertData/S/S289.lean
1b2f58242a8bc9ea8851d446e141686ce8846fb39945a5f6c7ab0a2a328173d0  FrogModel/D3/CertData/S/S290.lean
1327c1d42626e9f862df9109a857d32ae1f3be0d34e1fd58bf428d0eaec3b604  FrogModel/D3/CertData/S/S291.lean
64bbda47f1b16d3fe392ec00c2bcf82b1c34e5cb4277e7a8bb028905f3a0b4d7  FrogModel/D3/CertData/S/S292.lean
b1d5b6b8ce81052feef4441982a918970dbcfa0cea03323873c338bc9f382788  FrogModel/D3/CertData/S/S293.lean
5aa2bf1ac0f557f7604323107c963afb10ab2e0b1a6fd9d33016ee69d98a5d4e  FrogModel/D3/CertData/S/S294.lean
4a79d418ea51ab8296deb1d32f0fe335db88e40844bad0e761ca3aa83197e820  FrogModel/D3/CertData/S/S295.lean
4f35a454e015ece459130329c73b29d70e62998a2f278c3a8a1f1b4e2f3e727e  FrogModel/D3/CertData/S/S296.lean
341c1d1566b8bb44927c80867ab02b2d348358e395f6ed793afb258251a5f8c2  FrogModel/D3/CertData/S/S297.lean
f739d846685181b6ba474fc0c0a54a4c74d91a92361d438afc32dffe96341d67  FrogModel/D3/CertData/S/S298.lean
842e32e0dcf23a7d46953b23dcb4429a432e90deae55f400a45bb38457f7233e  FrogModel/D3/CertData/S/S299.lean
2e846720c2bda3ed6f0122a04a181f4310a4fbed838fbbedbeed021f642a98cf  FrogModel/D3/CertData/S/S300.lean
c7df117ca93d91ea4b35b22e1982ae2f70ad7fe6a71e66a6529634a93fa0992e  FrogModel/D3/CertData/S/S301.lean
e1cb55a6fc21ee7f13b6b11d4648340cd3a93296e61346d6e0a1827410d89c17  FrogModel/D3/CertData/S/S302.lean
c273796393d2430373cb337d5b9ac64f1e2fb1be023b9747fbdf89b43f957897  FrogModel/D3/CertData/S/S303.lean
116ece925d7fdf77c234db327de655172da87c3cf077e7ce0638cb003959ad2b  FrogModel/D3/CertData/S/S304.lean
34b30c0740385df294c09e14154167bc58718b28292de5c5b029c1964a95a302  FrogModel/D3/CertData/S/S305.lean
6cc0f1878c705e2cc6ee0d7c7971f31c1648d0e7eaa5991053672dfd604be2ce  FrogModel/D3/CertData/S/S306.lean
2d58e02144caffba404dabe52c213bc21fbf0e3e0bcc12c1429ff17376be3695  FrogModel/D3/CertData/S/S307.lean
fec7da4ac7c0f10d46bf9f5715d5bb03fafeefa8010492764c66b9447a8786ec  FrogModel/D3/CertData/S/S308.lean
40a525b1ff4679ed00ec7225fa9f03975e98670467329510382e993817cadf45  FrogModel/D3/CertData/S/S309.lean
f6868ac3b60a3d3d4101baef8e34fd2eeabd61b5e86bf26c958ea02fd8b11e16  FrogModel/D3/CertData/S/S310.lean
099976fc7b2c3a9f68e53820640ed7a1cab49484f7574e412e5d5de19f220ebd  FrogModel/D3/CertData/S/S311.lean
d3287d909b938a83d8cc8f685ebfba824e36993ccfcfa57bd87eb725a05e3394  FrogModel/D3/CertData/S/S312.lean
14df7c04cf3d34b450b1b11aa2110de69a0200622a5a5dd781795707a195d4f4  FrogModel/D3/CertData/S/S313.lean
f357fd1333c767b9a7ee826ecbde6bcf336b39fbf6a11c5d5746fba03cc302d3  FrogModel/D3/CertData/S/S314.lean
e292516bea51992e550c63c4713f284b1e95b00b8f7e433e7eb41bf4fb0fa1d1  FrogModel/D3/CertData/S/S315.lean
624e287eeb5619b97b2d99a5963af1ef3e5ef3be2ca23d0e9761cd6579d4c40f  FrogModel/D3/CertData/S/S316.lean
67bb5daff927518c9472651d8688667d316daa54b61f54a97e56071afb76d2ca  FrogModel/D3/CertData/S/S317.lean
1d9670eff4444361aa536b20c752b4f58dcc5a5527dffc05661da54623416b37  FrogModel/D3/CertData/S/S318.lean
354ed24debf12180c892b13545d00914bc08037ed670fe36f39508e31bbcfdc2  FrogModel/D3/CertData/S/S319.lean
df18514b77ecf3c2b1563c82fc31eb4718882a3a61a648f215c99fb3240465bf  FrogModel/D3/CertData/S/S320.lean
a7e05e209b55438055465b8a7efb0218ab75f57e9c535136ce61949944e1709b  FrogModel/D3/CertData/S/S321.lean
2da5b43251577850bf04a3c242cbcebfead779a7e3ebafab4562497b37630a9a  FrogModel/D3/CertData/S/S322.lean
72e08bb45c55873c4263020dbf7b5d1620c607e8d8f7c51881035a36f1df4646  FrogModel/D3/CertData/S/S323.lean
006bf0867933ebc6409d69a957f4db3c4802294ad92f0586d412b63bda45cca7  FrogModel/D3/CertData/S/S324.lean
b4d765b3227717e23504d1b0d7b00fa27ff005b3c0b2a8e018e474dd7871db73  FrogModel/D3/CertData/S/S325.lean
e83bd8826bbc3bf81418e48cff13c9f6b4c4224bd4d50de03a7b378873fcf5c2  FrogModel/D3/CertData/S/S326.lean
b91841e43c4e919cb9b1d28a284aa504f100e348650f6c1abf793d54393f3eb7  FrogModel/D3/CertData/S/S327.lean
bd3214b4ac9acbfa91f8cb2b45b480f229f272ca63110a08d1619b0338297600  FrogModel/D3/CertData/S/S328.lean
50d40358d92eaffca37e248ce42d4b8b3007bf161d01e6afca09e80330e1457b  FrogModel/D3/CertData/S/S329.lean
bfd5eb5db6a461592b692d06ec97dcc723005f3c268a866e2439f2f2b29b15b9  FrogModel/D3/CertData/S/S330.lean
3c3ba662efbe34dc94b95ef469d5fe487f7a2da362d1fe21898b90c50bea554c  FrogModel/D3/CertData/S/S331.lean
bcca57c9c68437f4cebb030982141241dcd983462271770212bdceec79cf30f3  FrogModel/D3/CertData/S/S332.lean
401aba55e434f31a2bbd1133ad0e9b0100db00258ca2f0e85ecf6a1524e0a519  FrogModel/D3/CertData/S/S333.lean
bfc551c3d47deaac715b4be09fa2c3ee2206aab1a394c52a669db4cdd81a86ea  FrogModel/D3/CertData/S/S334.lean
332a7cf18af2d37f5a2e429d16f08504fee54d76d0f29242f915367c782bd0a6  FrogModel/D3/CertData/S/S335.lean
f5f9efcf29d5a4c3c3920d0597c0960047f7d5702518874989373503164bb037  FrogModel/D3/CertData/S/S336.lean
bb48c9f8f022ad6f5cb5f98b189ed6b276d66ed6adb4fdc5df22616c0765bb97  FrogModel/D3/CertData/S/S337.lean
ed324ef88bcd5e35c137860587923607bea672e8c478b6a3fb86934216fe94cb  FrogModel/D3/CertData/S/S338.lean
d4aaac7a3a09f8076494b2e9dcddb7ae2dd85e175c9aa9f3d4d24a3ea9622a20  FrogModel/D3/CertData/S/S339.lean
e3d5c5271d17fe0251c7281b38f65db671dee412e923e5e114e86c89c0c9dbc6  FrogModel/D3/CertData/S/S340.lean
332aba279add94f46b56f8d9171a187d938e45e2a6c823c892ca11b4d55272e8  FrogModel/D3/CertData/S/S341.lean
6e90d45e27aa00be814768ab43df623d02732ae308bf7fd1172f4582586fc12b  FrogModel/D3/CertData/S/S342.lean
9816f88728ff88112549a4fac0630fb9554386adc6de00a5a0f67cbf8c0d97a7  FrogModel/D3/CertData/S/S343.lean
27adf1203627927032d574a76f9bc059de1799569c05c26a8fe32832b95d7218  FrogModel/D3/CertData/S/S344.lean
beb354f3898bbefbf71b031dc1a432423998f4524802f4741663da744ee6bf67  FrogModel/D3/CertData/S/S345.lean
7817ab32c97b727d045045766af2ca5e7cda6332c1ab9826299da115215b9c7d  FrogModel/D3/CertData/S/S346.lean
00f8089eb1b7952ea6d94c52e29dd466c889013c69098d4467a7a218404502c3  FrogModel/D3/CertData/S/S347.lean
8a791d5ac658035f6ca134f4d24c8505ca7dbd8b78b500d495becc02c1f83567  FrogModel/D3/CertData/S/S348.lean
4531846f23e3a237c2216e314124596fb80ea18ece01c9d41d4b36915712fc0b  FrogModel/D3/CertData/S/S349.lean
b9a2e2114a9a9b72c926f7cfb602491d7e2817d6bb5d299f28263d091903a75d  FrogModel/D3/CertData/S/S350.lean
3a7f0320db091cb84f7bbbd99df30ba019a52ff3907fd0dcc6f390a703180109  FrogModel/D3/CertData/S/S351.lean
9fa8d6f5b05df5c4ca939aba7d4c9780cf038be245d31fccd765e3ec2d642af4  FrogModel/D3/CertData/S/S352.lean
28712d43bcafdd94e15dc9ed594e5fcaff34db6eff2ab9b2e35550ea463d3cff  FrogModel/D3/CertData/S/S353.lean
a690f41b0e0e30901fc684e2267eede69225d8f0e61f4ce943f1b9c4bafda416  FrogModel/D3/CertData/S/S354.lean
8bda2115397185498113ec50041ef13d9b865be01a5a44a408369edce4541c5c  FrogModel/D3/CertData/S/S355.lean
69c0e18ab40bfdbbd0df212310a8785f3e44c41fbc01e9b1e8da2d4135e9b88e  FrogModel/D3/CertData/S/S356.lean
e0876b051d3028bbd7394e869ac88c8ef4c2a3073796d65abedc8779b6bd9684  FrogModel/D3/CertData/S/S357.lean
75f6efb6e267358ab286a59545053fdaea1c14983b6f7f5f5ed7571f11572a7a  FrogModel/D3/CertData/S/S358.lean
a24aa46c8842ae0818ff7adcf7b934615afb5d9d9fd497a818aa4cde49f22d20  FrogModel/D3/CertData/S/S359.lean
5f2b7f880c0ccc6007ee7e13a10c78ae61d70d7a811fa767e6301da51a1f2020  FrogModel/D3/CertData/S/S360.lean
6c4cc6db79a1adb96c1d2bef87df2c8c44abe2dd4d174878317fdd9a64d2d46c  FrogModel/D3/CertData/S/S361.lean
e889ac87b413d0ca8e1fef3a588c586441feb224eaeac9f4362a6d436fed9bb3  FrogModel/D3/CertData/S/S362.lean
f8edd0950a2ed6fc2d31a836fe9beff0f87e6badb2a6a19d41ae6e62b8f2c271  FrogModel/D3/CertData/S/S363.lean
58871c8c2a107cd9adadfa2b916d73fded465906a611198506876b8407c4fddb  FrogModel/D3/CertData/S/S364.lean
a7f6bbb72396012227cb178516258cf2717bd944e5c9beb10d935b2154333fdf  FrogModel/D3/CertData/S/S365.lean
d6ab97979d4fda92a732a76ceb90065ed320c469ed61f762b0c53eda61e6a014  FrogModel/D3/CertData/S/S366.lean
e1f16debed8cebe9af40169656f278192020faa15d9236deeae5ac1b205e432d  FrogModel/D3/CertData/S/S367.lean
3ed94f2728d2484982c074a01e38f944032f35832a5005cc1d8306d3edb81774  FrogModel/D3/CertData/S/S368.lean
7cdbee1923ed45121851bbc5dba20d780e6e3d5ee601e11f7bb32abd40871dd6  FrogModel/D3/CertData/S/S369.lean
920f5f431807468725bc6ce90b36b3330bed0c8ac885fea4591e299664829807  FrogModel/D3/CertData/S/S370.lean
7df90c550c53bdf5993161cb865d9175cff698943b3a3c26e5f6a20705344fce  FrogModel/D3/CertData/S/S371.lean
3204564a065707e23c3e4e2f0f725a8887d7ce6e64ab49ab8249ee271d9ac421  FrogModel/D3/CertData/S/S372.lean
06202fec5908dcb89a64e4415acdb5a35c4219b0bcad4fd44ad2026dcb47b596  FrogModel/D3/CertData/S/S373.lean
16de1db66dd23d449ad8a37b899f5960aa40cb8ad79050294f98763dbe8cfb44  FrogModel/D3/CertData/S/S374.lean
138637adcdc972c43ae983e03f1ac1ce5ba83408ee17a5d2f7667ae116cdade9  FrogModel/D3/CertData/S/S375.lean
4e79bdae7ce163da7a8c182016f1727d664dd596d0d86fb940a73ae4fd843f5d  FrogModel/D3/CertData/S/S376.lean
f59ebb51e09775cba899a9e619b622ed3b9f53c369464b475966b48a66c4708c  FrogModel/D3/CertData/S/S377.lean
5eedd3feecb6d81d492d3512f3ebd5f18aa010df8ba7a34f07d8c486a6037f9a  FrogModel/D3/CertData/S/S378.lean
5d28272df448a4d2a97f9d9abc4567de5de1c9dc2048e66e1cfb13407306119e  FrogModel/D3/CertData/S/S379.lean
842f5d5bff6cc6c2d1693d11e3aa5687ec1a0277d9ec4b9433f77456841a169b  FrogModel/D3/CertData/S/S380.lean
7c0152c583b616e741d3f0b39cb4a19cb0466822c2d1a1bacc76e20b5cb2d3ef  FrogModel/D3/CertData/S/S381.lean
af8f652a35a8800a26da1581b7a73a2018fd618665b98d9af49bc6fc7b8f79b7  FrogModel/D3/CertData/S/S382.lean
fba88432d7e6822cd9792401e1abea89e898c1f344212348d3104890aeb5b639  FrogModel/D3/CertData/S/S383.lean
1e52dd3db1e8f79419974ac60c54ae0a61b80cf91fe08568baad2fd330edc94b  FrogModel/D3/CertData/S/S384.lean
08c582a54d33390bde43e290074c33a05df44bef68c1a21d388c78f183c49a60  FrogModel/D3/CertData/S/S385.lean
4aee51f86fc1609b5c0f53fbf0b6b42febaa789365e11dcc123becf123c0e41a  FrogModel/D3/CertData/S/S386.lean
47a115d5b61728a91f74679d39b96a0792588d90feb790bd37deec45eda0e481  FrogModel/D3/CertData/S/S387.lean
0acea00173a0297e3e22a53f3737a98dacd502d5475bf0fe68a8699565967b09  FrogModel/D3/CertData/S/S388.lean
12a86a74588cb8d8d64a314df0b6873c5950f1d8e5d405d1577af6ca8272bc58  FrogModel/D3/CertData/S/S389.lean
964cc64756f82529ea7f6b37d3cdd37bd0f40c0382a1ccffca8760c50eacd4d5  FrogModel/D3/CertData/S/S390.lean
82ee763f4bae0831d8591274a7f41d1ddc784b8ac15f3502049eeeb35870dc28  FrogModel/D3/CertData/S/S391.lean
74a6227a8f70a7479fd27078251fb1009df17fc7b9c140d624e2768202a14d9c  FrogModel/D3/CertData/S/S392.lean
bc2f95b75aaa30d7a4d43f21d4dd7d6789c6dbdf181fdbe7fdcb719dac0f528d  FrogModel/D3/CertData/S/S393.lean
d102c3601aa44e219879f0d198af9c177571bd0ad3fd83b465de7952e396eb45  FrogModel/D3/CertData/S/S394.lean
07343df801b278d78b8da83b49c07d19775f0ec95986853bf63d68d6a7eb7a7a  FrogModel/D3/CertData/S/S395.lean
f6a62a01a68af5f51e4da8e30967b8ad649fca95554cfa3235735aa5093f56a5  FrogModel/D3/CertData/S/S396.lean
36b9c39d51d59b3563d0d84fe60c90bbf7dc2739c8c4b376333c08baeb16f451  FrogModel/D3/CertData/S/S397.lean
0658f5cd802cfcd3b844034fc9628c34f048f54ab3b13fffab78b87175910969  FrogModel/D3/CertData/S/S398.lean
6818f8761941b3f53f1a0d20b17306ae8bb14c02cebc7594aea7a2c7781d4e4c  FrogModel/D3/CertData/S/S399.lean
39e8c82e83d14d22efaa79d5fe867ddc0eb9ace5abb41511a1480c7e5c4f5fa2  FrogModel/D3/CertData/S/S400.lean
fc387b497544b9c8f5ea8e6af062853a13eb05cb962a509dc7872b70dae9bcc4  FrogModel/D3/CertData/S/S401.lean
2d1957f23e8ddca21952526d0c4997908abf30e77768150ff4a89055cb75ee4a  FrogModel/D3/CertData/S/S402.lean
a67767eb0c833e7215e69b11c1b3dfc1014a600ee6c0ef3c05fb428a15639e86  FrogModel/D3/CertData/S/S403.lean
4030ca6751b3c5968f141c39c14f7874f26a34fcac65b2290b339a519b9d54a9  FrogModel/D3/CertData/S/S404.lean
e1ac67c0955745264ecee8bcb2d6c1b24d60fd167e12eb1d83bd2845bd7f18e6  FrogModel/D3/CertData/S/S405.lean
42f244d9fdaa39bc4f7e9d6c0a1d612bb70e8dee2985275b9f5b1672242f1ac1  FrogModel/D3/CertData/S/S406.lean
ee735d0824fa517bc3b97897c05d6554e40c8d636566382af8f3374367022cc0  FrogModel/D3/CertData/S/S407.lean
eb44770890b3e7d3fa99c89b9c8a433b70cd65b495267bd57c709c46d4a6510c  FrogModel/D3/CertData/S/S408.lean
70bc720139a5c94a50bca4f5a04773780351be9ae394c06b90bd739467b58fd2  FrogModel/D3/CertData/S/S409.lean
268fe20a6a544c2fc4c2a4f173a64847e2936172eba0cd6c33159f3e555667e8  FrogModel/D3/CertData/S/S410.lean
c8973a430b0b5c7fc5ff830c864ab8c78ce713394bb00638df2131844fef5142  FrogModel/D3/CertData/S/S411.lean
9574920f856f42419fb2ca0d807e5b2f809292ca4d875970319747d4fd23d5bb  FrogModel/D3/CertData/S/S412.lean
13adb3578cb026647b8cec2de454dc31418cd6f782ad3d4fec7d444cfb604acb  FrogModel/D3/CertData/S/S413.lean
98a217afc93643392cc0eb496d727302624edbe0dc3bfe0a611d278245f0976d  FrogModel/D3/CertData/S/S414.lean
11df86e6b4277782dde5c9ee7b6d4bfd5e3e22df003ebc920b200d18f3c0a561  FrogModel/D3/CertData/S/S415.lean
3542d4b4fab8cfd2187dcf76401ae6bd330d6348b958aa0c68f040f8486819c7  FrogModel/D3/CertData/S/S416.lean
cf67ee92573f3f34c7906397a1ad9c339aa4ee945a2c7ab254edcfbc7bbba850  FrogModel/D3/CertData/S/S417.lean
996f58ec5a354df7b110967d0949ac19c589c043cce04a255f4ee30edff7c91a  FrogModel/D3/CertData/S/S418.lean
2de107650e438d0f61b5866eb92f4a97c01e465dcd31b26347102383d213080c  FrogModel/D3/CertData/S/S419.lean
65e65ae8acc6fd943ca1b99a9552c1b2c32750e8e37650671c0fcf75ecbd1366  FrogModel/D3/CertData/S/S420.lean
9b1a33668e0e6edc1c21fd09d6129a3b48dff1ad178b67f5bf3f3db0650760bb  FrogModel/D3/CertData/S/S421.lean
84fa381267a80c196d29fe0c3e493b81fd06385a9848fe2da4bbba621ef6dfa8  FrogModel/D3/CertData/S/S422.lean
1c4b5d290cf87fea985529860e5540bcac4fe4e6da53e1631ffbb9b0380f95e1  FrogModel/D3/CertData/S/S423.lean
bde0d41a68ecfe422b9b1cf055a1eae848e7c4e90961289eba030f9a42659f95  FrogModel/D3/CertData/S/S424.lean
bfc87be81327f3c92c150ee52b7af22316d332f8cc81d04713e512bca0007a0c  FrogModel/D3/CertData/S/S425.lean
4b8f4bea60099ecc732705c3031a68b45de436f0bdb3df7adac9fbc1100f0fe0  FrogModel/D3/CertData/S/S426.lean
95130cc903d53fa1f1cba4cea0b6267806e29dda2de7ceb13168b12be5542201  FrogModel/D3/CertData/S/S427.lean
37261afa0ac76aa32b99bef09d2c7ee90901c0b325f287d516add2076efbe6c2  FrogModel/D3/CertData/S/S428.lean
f07c34b3932732a824be0a997c79cd30a9236c4ca842522d1a2247cf74581d57  FrogModel/D3/CertData/S/S429.lean
f5f41aab8d2fb82b588a919b40c39d93b76104a5fac6dd16b5525801ec15a1c7  FrogModel/D3/CertData/S/S430.lean
f21fe68852b9712eb05cc51b20bac83673d9733c4f95553adf94c809d4831d3b  FrogModel/D3/CertData/S/S431.lean
9a7caaea7e8bd66649b1e7157318cfc02a2fef247f632245485c218de0dca446  FrogModel/D3/CertData/S/S432.lean
e6ab24a150a9585691defb8fec7db52969191393ae6df2290102afcd8a52d848  FrogModel/D3/CertData/S/S433.lean
4b89847f1af441b0cc1ac817c914615fafa95f9e3318ad16abb03dab98d46e8c  FrogModel/D3/CertData/S/S434.lean
7850280ec7a7b54470a90352636fc6d806c0b41e7229da8c7244228f96c1d693  FrogModel/D3/CertData/S/S435.lean
806e0954f49380fd25b0b44185559c56b5eb43ea71169425627a70105bddd84c  FrogModel/D3/CertData/S/S436.lean
ef09b4b0e1004a6509e777c41fbf4e46d62f27e9a8db33a3c89eb985d3c9dde8  FrogModel/D3/CertData/S/S437.lean
8e673ba674401f272682b8c681e0d6c5a12673312410b594856ed4e7f8c2aa68  FrogModel/D3/CertData/S/S438.lean
79b10196eff026dd54ae5f62c3530604ad8e489d8f4299bb4b3c014ba5c4770c  FrogModel/D3/CertData/S/S439.lean
36fcb89fb5676f556d9eef1f180c728ea85b6d4cb393b54378a4629a239c9e2c  FrogModel/D3/CertData/S/S440.lean
b5544d9af9ef85dca095a56ce4c08b67e3d700b49e80f1135a6e4a15c5448e70  FrogModel/D3/CertData/S/S441.lean
24ca1e74fe5c955ec7d2bcbeb6c602f5fab5cfd1bc2cc89525becf5dcced1b24  FrogModel/D3/CertData/S/S442.lean
f042ca0facf0572ccaa1e9aa763f86165ed93dd2a5f9abfd112779e92aa31d1c  FrogModel/D3/CertData/S/S443.lean
7809be4ca6ff573fde623dff6f3654f422288c37931c2e777e9b4a9cfa66d81d  FrogModel/D3/CertData/S/S444.lean
d8adfda005db944a3b4f779c0b0390fd701d007bba75312e268ae12554cf71c8  FrogModel/D3/CertData/S/S445.lean
c5985b5a2563dda3e4814b2bba384435257190a1f8cad96188986a76880b7c80  FrogModel/D3/CertData/S/S446.lean
e1037582bda135470c8cb29609bf5d12fc317f6fec9fcc2b2b41ea5ba99e37e3  FrogModel/D3/CertData/S/S447.lean
5a368fc63b37681021014d1ed8aad45c232849847e1dc526c4cae3b2007d8a71  FrogModel/D3/CertData/S/S448.lean
9adcd33d5fb3d6562baf4d1a9a2414b82f5f4b2267ca5f592431a217ae580dcc  FrogModel/D3/CertData/S/S449.lean
cea5d3d2cd4d35418e7fb069d75869f3077b6379d29961d2ba139ea0cbb13de8  FrogModel/D3/CertData/S/S450.lean
baa3b5dd7c67020df3895bf24c6a251bc8a9888c524fc6edad59b7142635f9ec  FrogModel/D3/CertData/S/S451.lean
81ae5c27cb75c59f86dd9492e6b7d1883d567a2af62bf52666f64148cfa9ae53  FrogModel/D3/CertData/S/S452.lean
ad136e38abd2b7ddb25f1f0cc0fe21b9582f8adfefcf2a047430251eec1258b6  FrogModel/D3/CertData/S/S453.lean
057e6a180e7a7f3b1a803fe1bcfcdad876112216a398a28528b80333bb823d52  FrogModel/D3/CertData/S/S454.lean
487b20c79335ece9c59d91f9c5ddfd5e03a185973b1d4e15f5334192e7f219ed  FrogModel/D3/CertData/S/S455.lean
dee9cfd590614a83487984daaf9624d08711af84805fa4647420f9e86b76d02f  FrogModel/D3/CertData/S/S456.lean
6a3c719bd834880a59ec5b0cd649e6408b521988cdccc148c2c9f6638fda20db  FrogModel/D3/CertData/S/S457.lean
6fc23e0474604e4804a03dbeadae25c88501ae835d32f965494179a8165defe8  FrogModel/D3/CertData/S/S458.lean
596233d946a9a18b14f66b4af66212037537c3aec1c8672ce6c5f225fc6108b2  FrogModel/D3/CertData/S/S459.lean
8c6f16ff1d36fd71d5ed24300c6ce7cb878f94e2e82d684fcf4476c1e5243561  FrogModel/D3/CertData/S/S460.lean
3502c7ef46d7b6c692f4acc6cabde0347f99bd253d3be142e6f1c539b64a6efa  FrogModel/D3/CertData/S/S461.lean
cb631f0e607decad15e9a38fcded1b271ede4d9f1779dd39b1e9e7b65227285e  FrogModel/D3/CertData/S/S462.lean
6f7b503b6c192eddb5a2a3a204b0b1f44f7811236c64e0eb2cfa550de32c304a  FrogModel/D3/CertData/S/S463.lean
f38fbd06029f1314c79c3a0a0b1c0f978a7869e9106e4f36cb4260e91de79c68  FrogModel/D3/CertData/S/S464.lean
530bc470d52de10fa12a16f1a928640c24e0878cd251c5b40fcfad8927024f24  FrogModel/D3/CertData/S/S465.lean
f96d19d0e63c02a1ebd7f56a849153ff31c1848de9291b8b0d1668c7e5ac072a  FrogModel/D3/CertData/S/S466.lean
1ad5dd65911e6de4d7ee918d9a7ea788dc82cf49d6a53e310c28e82b18ae74be  FrogModel/D3/CertData/S/S467.lean
705382e11542feafd3d51fdd82247e15e5ce6b4c641a518e19c4ae7b9aff4bdf  FrogModel/D3/CertData/S/S468.lean
00a127268b976c64794ac881da3e61fa728b09f3d0fa391cd45e5a96803d6202  FrogModel/D3/CertData/S/S469.lean
d8ad56dbd830aa1534445e3100226a2c34739345c69c5cd7cdb5e771e80a2c7d  FrogModel/D3/CertData/S/S470.lean
449c7292ea46166f122c6442ad1e5077543a4c4373c8a4e6dbab1499ac1b91b9  FrogModel/D3/CertData/S/S471.lean
2a9c03d852839f4fa4b8e8e201de5a535c042b691f2c96bbcbddf96203bc5285  FrogModel/D3/CertData/S/S472.lean
6b2d2546b56340d829b263c58917f686059c640ca70464da3bc029ca9bebdbd7  FrogModel/D3/CertData/S/S473.lean
3de616d658c9fb8647a1e66d5cd47e6d3b90b0fd10a1669e0fdd9f83255499db  FrogModel/D3/CertData/S/S474.lean
4c405c17069e91c78b9ffd15abae382a3a409a853739fa7c046193fe37fdf502  FrogModel/D3/CertData/S/S475.lean
34914b9ca8ffcd06dfa2df88565e0be65367c45aba9c5060a72c9b948420d91e  FrogModel/D3/CertData/S/S476.lean
4bf24b61a1d1bc7eb73c446da7657ff492f59b0e881bc7609538cc4e7946cbf6  FrogModel/D3/CertData/S/S477.lean
7e8b03e643c95be589141eab04895e80318b8a8bdea302d5fb66e23f6cffeb27  FrogModel/D3/CertData/S/S478.lean
00b3c5d0d5299af0f494eddcfc6fccf6332d68f5c959e6b0a6d93bb00d76b070  FrogModel/D3/CertData/S/S479.lean
65239ecccf77e630c1723f58745b792bd41308c238993318ec0ece8a8ddd36b0  FrogModel/D3/CertData/S/S480.lean
371da7275aa5d842860a6ba228a4214e87d41d5ab350300e0925784c14c53c75  FrogModel/D3/CertData/S/S481.lean
0f54ffe5deaf7dd159b3df79f572fc3cbb1e8b1ae52ae896211b2bd5de85b504  FrogModel/D3/CertData/S/S482.lean
23958cf096fba559f944f623a5ffd03583aa0d5bb205a47fd4c1b6e7983e1188  FrogModel/D3/CertData/S/S483.lean
89bf4bf3d98b07164c81de3f29aeadd4737cbb44588f774744ff7a8d77f7b4fd  FrogModel/D3/CertData/S/S484.lean
50dffb6fec5033c0f8e8c420cce64d305932408b79ae010397717f6a3f56e6f5  FrogModel/D3/CertData/S/S485.lean
71f105d80a278209871c3de568f87688b46600c89480b9fe3f59d3b489f86041  FrogModel/D3/CertData/S/S486.lean
f76887a21591bf31d84ece7a7952ed44cd161fa7e8052689c29052f8059b05a8  FrogModel/D3/CertData/S/S487.lean
225f21f34bda67dec7a8783cb696529113c1739e541605b807b03e4caab601c4  FrogModel/D3/CertData/S/S488.lean
6ae91a1da4ef0c36b25e21c715da67afd7c6aa67eb18d869a8ea0cfb64bc88cc  FrogModel/D3/CertData/S/S489.lean
3b2bba83b84eda1ea52e4f772426ffb57c39a3e1d9dcdef8a2bf567cd9683e8e  FrogModel/D3/CertData/S/S490.lean
769030a26e5d183e5b00dfbcadb92f7bef62f25802b674dd8179eaf7c272c1f7  FrogModel/D3/CertData/S/S491.lean
c53a03f9b5e4f8915e2d9ef2b524edf628e25dac6cef1a02ebe311b4bc2816ff  FrogModel/D3/CertData/S/S492.lean
db8783d39dc5bb423b5c178836d9f65d24e0129932141165fc53ed5bdc1c4d86  FrogModel/D3/CertData/S/S493.lean
9809fc847beec324b93da0f95f7750a3199912e0113b49a3a85c1c40f8690d2f  FrogModel/D3/CertData/S/S494.lean
7bdd1c961d77260f88a03cc37bff8ebf88a14ac1f2cda196e81614af60c566d0  FrogModel/D3/CertData/S/S495.lean
b3da3e3eb366c100ea9ede2ddb2e1cd4c1b434bc03354cb5c1fe4b65aae9995f  FrogModel/D3/CertData/S/S496.lean
8fc531f00e84a7429cef40d95f21789352a3ce072fbad137c37dc7397cb73260  FrogModel/D3/CertData/S/S497.lean
f35bfdbb64dbeae68e69b919b8eeab8652ef1905ef4d1cebfb6afbe282bf94af  FrogModel/D3/CertData/S/S498.lean
0cc192fcbd741893e4d2c7b3aa02beb84abbc719250b5c8ce451146f07a5fb6d  FrogModel/D3/CertData/S/S499.lean
18fb4a41ba1a42ac72d4ab7332a9a248ec23d4b98309bf34799fea2598839f84  FrogModel/D3/CertData/S/S500.lean
93f0e1927a9b57e78e9c5ac1049b9a94fcbcb1d817afade7d1c3c1ffe3cf7062  FrogModel/D3/CertData/S/S501.lean
b2c93834bf7822b5b15afe90ec87f833e1b9d6b3061669d6baac1e4d52ddb7c1  FrogModel/D3/CertData/S/S502.lean
50650ec8ab3b93af0a0fa12202f35a296b74ba3cee048d45e413f564b1203492  FrogModel/D3/CertData/S/S503.lean
0b3c3e5f73c0a281d52686fb12c9a40f8cd8518fa978c4bbbd92249801261dbf  FrogModel/D3/CertData/S/S504.lean
16f680f96b6d7b87031a20eef013830578d842ae5595cc1346e8f2562140c5fd  FrogModel/D3/CertData/S/S505.lean
cd59ba6397d6ede971fcda39d7cfe405ffc1d7193797836653c5eed08a259e67  FrogModel/D3/CertData/S/S506.lean
9f6e08faed1ccfdda752feed01d304e4cff5e4165f9ef2566f7036c68ce3a90f  FrogModel/D3/CertData/S/S507.lean
9a452eb6e10c90b1b03eed55fb52991040d2248812d9b85d513f4075d4e1a1a5  FrogModel/D3/CertData/S/S508.lean
9e42ced3bbc1e12d1e1309aaac9b5614ed74a6a6f15ed1c74187b2abb997c315  FrogModel/D3/CertData/S/S509.lean
7e9e1083c1fa3d51f66b5fc19217373dffbb03c3c239d383de383b05d7a32c6e  FrogModel/D3/CertData/S/S510.lean
6fb12c01d77baf247908a39ff0f3b005714f0f4b59f0ec247ddc8087a9b62ee7  FrogModel/D3/CertData/S/S511.lean
d5bfc6e3f4d5ad699ab8291add4b0c0be170c4ce7f9fcc2391b0c7b017ea9edf  FrogModel/D3/CertData/S/S512.lean
1b102e97ca30bf7e49b4b8ce59f97ab2e775f81573873e0a2866c7f8e45b5949  FrogModel/D3/CertData/S/S513.lean
4ee2e6a4474ca7f09de45eb92da187bfffdd9d795f4e707c4967dc59342f8fa8  FrogModel/D3/CertData/S/S514.lean
5e6d72e91f1124709a7f932aea643660a99ed3b28de78baeb73e9f5646765262  FrogModel/D3/CertData/S/S515.lean
524c8a448c573717abaadb5f22b8cf71e7f494af278f3817112bfad23d0290dc  FrogModel/D3/CertData/S/S516.lean
e3d43c130f2cd977bf4053edacd75855811ad37225dedc8c1a3c1442c7fcb7b4  FrogModel/D3/CertData/S/S517.lean
7d7d59fc8127203e54172406f3ed0ef397c72a881046832859e2a5ee63d412ce  FrogModel/D3/CertData/S/S518.lean
7d8ba814ce9b3f7f764ad00b32e650e2be93b49a45e4c6ee8166eb2893b5b0fc  FrogModel/D3/CertData/S/S519.lean
d5554c2e974f0fc95ab8b9d8f88d90fee2a036cd47267bcef501fda89ec749f4  FrogModel/D3/CertData/S/S520.lean
0e9dee66d6e11979d59cbd73548592273d810a7cdc32e8dcb96a77c409638ec8  FrogModel/D3/CertData/S/S521.lean
fd635dd493ae37f75b0d380249a28217d3e0549b161338494c217f54e6693b2f  FrogModel/D3/CertData/S/S522.lean
928ef94023e1a78b726d3f54d7fa568a0ce106ce76e401379f288d1710a23096  FrogModel/D3/CertData/S/S523.lean
65b3cb89114f93f743084b4ef14347975d45afae9ba6a1e02390a86766015378  FrogModel/D3/CertData/S/S524.lean
0d30801ae88efcf4022c3433f70a43172257fcea691cbdbc93f5e5d38695af8c  FrogModel/D3/CertData/S/S525.lean
b0132f65cda800eb77af4f0c893a1a28ca8886e20d9baa64ba8b6f5d79b90a4d  FrogModel/D3/CertData/S/S526.lean
34eb89dc9f2389c9c79a6993f05411374d4346b85a64820240f929af6359087e  FrogModel/D3/CertData/S/S527.lean
8cf958e30115a5b86e8fb82a1e7269d30d149e86584710aa33ab540f725a9828  FrogModel/D3/CertData/S/S528.lean
a9e70ad0495b113e85ba24e755cac666a0bc8c414567e7191d81d4138db459dd  FrogModel/D3/CertData/S/S529.lean
a9ea442603790b7aa65bd4ce3b15abea937e604b6bad45c5c032eece48c75f89  FrogModel/D3/CertData/S/S530.lean
883f19b5f1f3f1a0a1663a1a10f5412ba34df7b45eda32e44d2280f01eb21d16  FrogModel/D3/CertData/S/S531.lean
6ce95f56a42507d75c62c4505efda769c4eb5d9123c4c5d4cebbfb796a747470  FrogModel/D3/CertData/S/S532.lean
f4118fd402911013ac5f85da8989c3c25ee997e08328bc28a939de62eb7995cf  FrogModel/D3/CertData/S/S533.lean
13a91b8dca922470c164270482b81e9fe37a9da5e2ba57a6c7daaa57ca781f62  FrogModel/D3/CertData/S/S534.lean
8c0e7be966de2b55d3dc1f45faa7144ac7d6506b2aafd47cc180b7b01ceab700  FrogModel/D3/CertData/S/S535.lean
598db8bc49da6ab372debd3a968178299f84fe974cbcf27787ae3ebe0d8a930a  FrogModel/D3/CertData/S/S536.lean
d0a0f8cddefbd782cbe63acf33b119c78c7c59c5bfee7764ceccf4d6e302d997  FrogModel/D3/CertData/S/S537.lean
8f38e27d06bea4d5b3e1325aefcfe2ed63da2880be5d2000a8c3a78ec733012f  FrogModel/D3/CertData/S/S538.lean
315ec240369c58fcfd649be29cb960b69e0c3b6d617b69eed65c300f3eff7eaa  FrogModel/D3/CertData/S/S539.lean
5714184e7886dd9f8970cc8a6fa48f1a9d349a846320e6b18f417429bd4d7762  FrogModel/D3/CertData/S/S540.lean
9a27d6a8aff3f04df89ab73d8b7df4afca1a391064c3be14bfacadb7fd6f1bf9  FrogModel/D3/CertData/S/S541.lean
a74311884780043f1b0b32a10b2a59be300b4f7f8a5922f3b168c3e7dcbcc769  FrogModel/D3/CertData/S/S542.lean
3ec6181d90d8f4c162e55300a6d6d3f3277a2a2c42620ea68a00b65d63c53099  FrogModel/D3/CertData/S/S543.lean
8a1f0d7f8c527447c3c875d7de4ba1bdb2b0e10eedd92754ee5e6feb63fd2041  FrogModel/D3/CertData/S/S544.lean
68f81752cbd8a9d47fade4160db676f29a738bbeba3152f507af0ebeab4dfa74  FrogModel/D3/CertData/S/S545.lean
14323748aa2ccc03e640174fc9ec51d4c1cce919c9a63d15fe3a7c4e979da7fc  FrogModel/D3/CertData/S/S546.lean
65934bb3132ca65e58554009ac26143a0829d9c5d7a66f451c215f3c0b2a1b52  FrogModel/D3/CertData/S/S547.lean
8921029debc09825ae897187b2f88d82970e8fff68c49602fb3027733369213a  FrogModel/D3/CertData/S/S548.lean
b3836b4db845778198117cb10d171645466b43495f863611bd62c94bbb7ca940  FrogModel/D3/CertData/S/S549.lean
8aacfa77e56f386280d8febd3717f7403181aeca1353f61f9c89d5ffc12abc54  FrogModel/D3/CertData/S/S550.lean
2b427dd94d412836de95a05d2d7e0a49f7eec2fe6ecb1fe3b024fb2a81591633  FrogModel/D3/CertData/S/S551.lean
616f2cc3f2e18c434a141e5cf6750084df01e203bc1968df4393ada22737a768  FrogModel/D3/CertData/S/S552.lean
e8ac902053f2b4a1932e811ed9184646b6e2549cc478d36f4df73fa0ad3a005b  FrogModel/D3/CertData/S/S553.lean
2c31caae10376651e5072fd4c31bac9858c8575436dc23247e285c5b1b8f8c12  FrogModel/D3/CertData/S/S554.lean
8a4b6002b3a76812bf9b30e6359c04d84bd75f01a4938d9cbc7e356041be6101  FrogModel/D3/CertData/S/S555.lean
11122f5914a80cddb4a68db7d38ecea9a8e3565a602c1f7a57c524a54b05c4bb  FrogModel/D3/CertData/S/S556.lean
ecb41da8c0fda1ed22c0c46f9a10848ca0f10e42726feb45ee8605420d730155  FrogModel/D3/CertData/S/S557.lean
1b64d5864b01ad5c5163d70b5833a994c404959f25ffbe903902d18f220f3491  FrogModel/D3/CertData/S/S558.lean
48a288f706b982f93ffab42745f71dff95d649ba6372863ed96c24f43688b35d  FrogModel/D3/CertData/S/S559.lean
c3813b62c5aef66e02d27f4e1cc08d135360d622e3fa01f48240501b03069373  FrogModel/D3/CertData/S/S560.lean
7d645c94a0c481392702c8c1e188167cec94a702bf214def1a0013ac21959ef8  FrogModel/D3/CertData/S/S561.lean
bc6e53946b82fae1fda17de172ad0360b75e401e0e742740bc1654ab355caf1f  FrogModel/D3/CertData/S/S562.lean
9f3a8c74bea6a3a9a5c1a2b65001d5f9b03042b0190401344724d82a2a914e81  FrogModel/D3/CertData/S/S563.lean
131258e0249dc869c9ab238ffb2d5ad2e92c31e77520e90fee72ef21e248c127  FrogModel/D3/CertData/S/S564.lean
9d6895c9dfb215ae62b38e9434bb2877e66d0f42ca1631180fecab948f6488c1  FrogModel/D3/CertData/S/S565.lean
7bb89486619f4fd922b1b0262d30dd1c60cab877ce5f06edcb43b627bd7cd8a1  FrogModel/D3/CertData/S/S566.lean
5a9d38329d0289bd1c2c10f09224af53057fbe7da0eac2ed1904d41e66ef89e1  FrogModel/D3/CertData/S/S567.lean
feb6c5fe9363e31187f7875cdeef67ca306e2617902605702c7907f2bab79f07  FrogModel/D3/CertData/S/S568.lean
6dcee2a43cedef72e4e3099dd3435e0036ffb7e6d6e787150968e5f52ea558f9  FrogModel/D3/CertData/S/S569.lean
5f19201c0c1a2a6d34475c210bb5adfea33ba0f6447a96bcc107b50ea5f9b2c6  FrogModel/D3/CertData/S/S570.lean
5c6e4d35252277a3f3ea5d4c928f6436e36f427d403ee1dcbc6f6cded03a7a05  FrogModel/D3/CertData/S/S571.lean
6d86cc763a5d78854f885903521a6ac511186e9df7dfdba876e8ff2d628fdb05  FrogModel/D3/CertData/S/S572.lean
fc9a8504418cf22886c947c2cb1eecd60d7157282d60b4456ff513638197fa62  FrogModel/D3/CertData/S/S573.lean
10c2a18c9c794e66f0c11e5fcde56dc10b17ff7e985ffe4ebda670b359007d3d  FrogModel/D3/CertData/S/S574.lean
fdf535286a4892c72772a0e2d360e47bd9741440ebe2281f2a352c6c120bba4e  FrogModel/D3/CertData/S/S575.lean
e735ff862a27159f48a6ac5a2d4deaa5af5ef76f4e6a6f50515c1d0d1cd36e69  FrogModel/D3/CertData/S/S576.lean
d14e1853a42fd9e94eee5a3192f365e1b753403eb132a9de9aae3df20385f51d  FrogModel/D3/CertData/S/S577.lean
e7b396f92e6e5c189639095726a8928cf0d30146f89e7eced757ce602ba7fdfd  FrogModel/D3/CertData/S/S578.lean
8a8195c4e5ce06566eb28ef9ce23e52fd390d75078d276d18dfd655cacb69315  FrogModel/D3/CertData/S/S579.lean
67bb7b90d9fc68623bcebd69d585ea37500090f1f0f68a3fc939f7e69746544b  FrogModel/D3/CertData/S/S580.lean
c834103432659f94691407a48a8c700ce732b6c42340a0382e020833103e9a39  FrogModel/D3/CertData/S/S581.lean
d30a8a196b02dbcedad6529bb9c759e86cc3e1d43f95954063a29652b0b8a4c5  FrogModel/D3/CertData/S/S582.lean
2fa13039bb5f1368467b4b05a92ff90348bc798476eb5581b219bf7896134d2f  FrogModel/D3/CertData/S/S583.lean
6f9adf0af8aac29d48e686430b7e1e387f6032ec3a699638e62572afb80a4596  FrogModel/D3/CertData/S/S584.lean
617c00002e351fb07ad4ffdaebd7e116e6363826053c3913e9f8a1d1262a5408  FrogModel/D3/CertData/S/S585.lean
3a167834c616a4c7451da60af24a474eca24d1d384d11668a1241f2a903863e8  FrogModel/D3/CertData/S/S586.lean
0ec202fcc7ef5110d589097a4d66fb8928e50a27a47f80ac833bfc306b65a97f  FrogModel/D3/CertData/S/S587.lean
1dd9d14026de3fb39d01d410f120155af6d1611a61491078d212ae11f280bbea  FrogModel/D3/CertData/S/S588.lean
bbf48eb66a56f3d8a84ea5aca94dc1e5845af47cf27282a30f8458aa0b7dc7a5  FrogModel/D3/CertData/S/S589.lean
f93c9dadc6f23b860c540cc0b7fe183e56691233a0da01e8fe18129fd40c9ed2  FrogModel/D3/CertData/S/S590.lean
362498208fe8e0988559410ac117cdd9bda1ecabab4ac8cd5ff0209d64af42ed  FrogModel/D3/CertData/S/S591.lean
0fe4a9c6efc0cfe7cfbd13d8d5435c9736c0760b175d4f1fb2990ce179fbb1f7  FrogModel/D3/CertData/S/S592.lean
84f527286754d7c1fed915ece5506fe6a69a3442a456f0875147022b5f736766  FrogModel/D3/CertData/S/S593.lean
07573142b5efd41f281e448db526669520d612daff07c24daa9258e91bf17a15  FrogModel/D3/CertData/S/S594.lean
74c2af93ac322372233bf5b8e59cb955e0826acfe28edd48f3f8aee89e1e7af8  FrogModel/D3/CertData/S/S595.lean
8b1dcb27db3392141a96c91993cdbd925cd6e4163fdf7ba2781533ce0bbf5416  FrogModel/D3/CertData/S/S596.lean
a9cd38161fd11875b4157e7c937e7a5c6fdff444fc0b3e9514b75dcaa5504e38  FrogModel/D3/CertData/S/S597.lean
786eca16662e617d774d494ac7a26ee07b6a166c5c47722953de383e115131c1  FrogModel/D3/CertData/S/S598.lean
280faefb9a0d0e331f7dadeb19bb638c882a5b434218f125edd851606a7d8916  FrogModel/D3/CertData/S/S599.lean
eab3b176232a78a935e921012b0c4f34b66b5b49a409cbeb7aae73eb60706b66  FrogModel/D3/CertData/S/S600.lean
11ce400b4292141a2bc3e22c7de01d7f27ccf7a172ffccfcbfb438b7c32ba5e0  FrogModel/D3/CertData/S/S601.lean
fa6467343ed4578246e5c9eddf76cf8eff88d0ed17997a28252b85f4a2d08b76  FrogModel/D3/CertData/S/S602.lean
a7e6ecd93303b8701c08724c343ca02814a292a780cd0e8c9c297b4b76a9f2cf  FrogModel/D3/CertData/S/S603.lean
18319486a1887a77591e17e37ea271075c0f6582444b8cf1d89326744ff00e0f  FrogModel/D3/CertData/S/S604.lean
4d1d1975ba9073def8f82e82756efe5fd8c2b06d29d4cffa67250d805ff0ffb1  FrogModel/D3/CertData/S/S605.lean
5eb5ded83e4f628331b14216c1eae941676088c9ddb1f911194c055c3ab1d3b5  FrogModel/D3/CertData/S/T.lean
8207b6cec813764634a35e54becaf9129521b4798e61ad5e64990a28e8155bbd  FrogModel/D3/CertData/S/X600.lean
